customer_state,customer_city,total_revenue,unique_customers,revenue_per_customer
SP,Sao Paulo,1893137.97,15220,124.38
RJ,Rio De Janeiro,983644.96,6758,145.55
MG,Belo Horizonte,350970.21,2714,129.32
DF,Brasilia,297364.02,2092,142.14
PR,Curitiba,208322.29,1485,140.28
RS,Porto Alegre,188850.0,1356,139.27
SP,Campinas,184445.49,1408,131.0
BA,Salvador,179037.12,1221,146.63
SP,Guarulhos,142220.76,1166,121.97
RJ,Niteroi,117319.13,840,139.67
GO,Goiania,105306.4,683,154.18
SP,Sao Bernardo Do Campo,103343.71,914,113.07
SP,Santos,98076.81,698,140.51
CE,Fortaleza,96759.97,638,151.66
SP,Santo Andre,91334.38,783,116.65
PE,Recife,89316.12,607,147.14
SC,Florianopolis,85765.47,562,152.61
SP,Osasco,81852.77,736,111.21
SP,Jundiai,80302.58,555,144.69
PA,Belem,79611.07,435,183.01
SP,Sao Jose Dos Campos,78024.19,678,115.08
SP,Sorocaba,75821.83,617,122.89
SP,Ribeirao Preto,65034.51,502,129.55
MG,Juiz De Fora,64944.87,423,153.53
RJ,Nova Iguacu,59176.91,432,136.98
MS,Campo Grande,55481.77,311,178.4
ES,Vitoria,52968.1,373,142.01
PB,Joao Pessoa,52931.92,252,210.05
RJ,Sao Goncalo,52074.89,404,128.9
SP,Piracicaba,52008.26,361,144.07
SP,Mogi Das Cruzes,51594.28,375,137.58
SP,Barueri,51304.65,428,119.87
MA,Sao Luis,50814.03,345,147.29
PI,Teresina,49817.53,279,178.56
MG,Contagem,49497.32,422,117.29
ES,Vila Velha,48087.03,329,146.16
MG,Uberlandia,47930.17,368,130.25
SP,Sao Jose Do Rio Preto,46737.47,328,142.49
PR,Londrina,46165.56,300,153.89
AL,Maceio,44562.68,245,181.89
SP,Maua,42537.06,315,135.04
SP,Bauru,39441.36,269,146.62
MT,Cuiaba,39083.27,246,158.88
SP,Praia Grande,38706.5,303,127.74
PR,Maringa,37267.99,263,141.7
RS,Caxias Do Sul,37134.28,217,171.13
SP,Indaiatuba,37115.1,276,134.48
SE,Aracaju,36377.9,219,166.11
ES,Serra,35953.43,282,127.49
RN,Natal,35704.48,202,176.75
SC,Joinville,34772.57,263,132.22
MG,Divinopolis,34754.17,131,265.3
RJ,Campos Dos Goytacazes,34465.49,235,146.66
SP,Marilia,33904.28,196,172.98
RJ,Volta Redonda,33354.0,228,146.29
RJ,Duque De Caxias,33346.8,255,130.77
RJ,Petropolis,33103.3,236,140.27
SP,Taboao Da Serra,32533.57,285,114.15
SP,Carapicuiba,31977.06,320,99.93
RS,Santa Maria,31426.63,192,163.68
SP,Sao Caetano Do Sul,31398.6,269,116.72
RJ,Macae,30937.9,234,132.21
SP,Cotia,30884.3,245,126.06
MG,Betim,29972.41,200,149.86
SP,Sao Carlos,29623.95,232,127.69
SP,Taubate,29210.57,264,110.65
SP,Guaruja,29126.46,221,131.79
SP,Diadema,28956.010000000002,279,103.78
MG,Uberaba,28329.45,187,151.49
BA,Feira De Santana,27542.4,182,151.33
MG,Montes Claros,26518.56,210,126.28
RS,Canoas,26381.15,206,128.06
SP,Presidente Prudente,26106.14,159,164.19
RJ,Nova Friburgo,25719.59,147,174.96
SP,Suzano,25145.18,229,109.8
SP,Americana,24806.52,219,113.27
SC,Blumenau,24625.37,186,132.39
PR,Cascavel,23455.82,144,162.89
SP,Santana De Parnaiba,23173.07,180,128.74
SP,Limeira,23011.52,187,123.06
SP,Valinhos,22546.55,183,123.21
SP,Franca,22318.739999999998,158,141.26
MG,Ipatinga,21957.22,171,128.4
RO,Porto Velho,21884.63,108,202.64
RS,Pelotas,21793.85,176,123.83
SP,Sumare,21487.92,181,118.72
MG,Pouso Alegre,21332.22,130,164.09
SP,Sao Vicente,21107.09,163,129.49
PE,Jaboatao Dos Guararapes,21021.49,130,161.7
SP,Atibaia,20556.84,152,135.24
SP,Embu Das Artes,20362.75,161,126.48
SC,Sao Jose,20250.56,167,121.26
AM,Manaus,20157.66,137,147.14
SP,Araraquara,20113.37,151,133.2
SP,Rio Claro,20102.68,151,133.13
RJ,Rio Das Ostras,20063.71,135,148.62
SP,Braganca Paulista,20048.62,143,140.2
RS,Novo Hamburgo,19847.08,122,162.68
MG,Governador Valadares,19456.78,135,144.12
SC,Itajai,19348.57,120,161.24
SP,Itaquaquecetuba,19305.34,170,113.56
RJ,Barra Mansa,19192.82,116,165.46
RS,Gravatai,18815.12,111,169.51
PR,Ponta Grossa,18780.38,141,133.19
RJ,Angra Dos Reis,18749.04,84,223.2
RJ,Sao Joao De Meriti,18446.26,129,142.99
SP,Jacarei,18356.74,190,96.61
SP,Itapevi,18326.32,169,108.44
TO,Palmas,17595.2,88,199.95
PB,Campina Grande,17500.53,68,257.36
ES,Cariacica,17468.68,136,128.45
RJ,Araruama,17199.190000000002,77,223.37
RJ,Cabo Frio,17182.670000000002,116,148.13
PA,Ananindeua,17176.24,87,197.43
MG,Sete Lagoas,17148.36,126,136.1
MG,Pocos De Caldas,17085.35,118,144.79
GO,Anapolis,17041.89,109,156.35
SC,Balneario Camboriu,16958.38,100,169.58
MG,Nova Lima,16903.05,97,174.26
SP,Botucatu,16886.9,97,174.09
RJ,Teresopolis,16733.4,116,144.25
MG,Patos De Minas,16714.08,98,170.55
SP,Aracatuba,16664.59,138,120.76
SP,Paulinia,16598.79,128,129.68
SP,Hortolandia,16523.21,145,113.95
RS,Rio Grande,16499.88,123,134.15
BA,Vitoria Da Conquista,16497.2,90,183.3
MG,Vicosa,16205.84,87,186.27
RJ,Mage,16011.75,109,146.9
ES,Cachoeiro De Itapemirim,15846.73,120,132.06
SP,Ferraz De Vasconcelos,15733.98,110,143.04
RJ,Marica,15611.06,137,113.95
SC,Criciuma,15422.08,92,167.63
SC,Chapeco,15322.25,103,148.76
PR,Sao Jose Dos Pinhais,15119.27,130,116.3
RS,Passo Fundo,14973.31,112,133.69
SP,Birigui,14611.34,78,187.32
GO,Aparecida De Goiania,14514.47,109,133.16
PE,Petrolina,14313.0,65,220.2
MG,Varginha,14223.0,89,159.81
MG,Itajuba,14015.8,92,152.35
SP,Caieiras,13592.62,99,137.3
RJ,Nilopolis,13592.380000000001,105,129.45
SP,Guaratingueta,13546.47,94,144.11
RJ,Belford Roxo,13463.85,109,123.52
AC,Rio Branco,13451.29,67,200.77
SP,Caraguatatuba,13316.87,87,153.07
RJ,Resende,13256.45,115,115.27
SP,Araras,13147.57,92,142.91
MG,Araxa,13136.210000000001,76,172.84
PE,Olinda,13079.79,92,142.17
SP,Pindamonhangaba,13070.16,101,129.41
MG,Lavras,12978.07,81,160.22
SC,Jaragua Do Sul,12966.56,89,145.69
BA,Porto Seguro,12890.09,40,322.25
SP,Santa Barbara D'Oeste,12714.18,115,110.56
SP,Itu,12587.13,134,93.93
MG,Ribeirao Das Neves,12483.61,98,127.38
SP,Mogi-Guacu,12453.82,91,136.86
SP,Ourinhos,12416.04,76,163.37
MG,Barbacena,12296.61,80,153.71
ES,Linhares,12211.41,65,187.87
SP,Itapetininga,12122.98,76,159.51
MT,Rondonopolis,12117.14,63,192.34
SP,Itatiba,12029.31,96,125.31
SP,Sao Joao Da Boa Vista,11786.81,81,145.52
SP,Amparo,11751.58,66,178.05
SP,Assis,11600.39,82,141.47
PR,Foz Do Iguacu,11586.38,87,133.18
MG,Santa Luzia,11566.46,91,127.1
SC,Palhoca,11407.22,93,122.66
CE,Sobral,11368.84,35,324.82
SP,Tatui,11331.03,73,155.22
AP,Macapa,11251.93,53,212.3
SC,Lages,11230.21,82,136.95
MG,Muriae,11015.42,64,172.12
BA,Barreiras,11005.95,50,220.12
RS,Sao Leopoldo,10944.67,103,106.26
SP,Votorantim,10901.22,85,128.25
MG,Araguari,10869.52,54,201.29
SP,Varzea Paulista,10780.18,78,138.21
SP,Salto,10679.4,93,114.83
SC,Tubarao,10606.13,60,176.77
ES,Guarapari,10544.41,67,157.38
SP,Itanhaem,10506.24,79,132.99
RS,Santa Cruz Do Sul,10360.88,62,167.11
MG,Itabira,10314.59,78,132.24
SP,Cacapava,10160.07,74,137.3
SP,Catanduva,10149.83,75,135.33
SP,Ribeirao Pires,10149.630000000001,107,94.86
GO,Jatai,10040.37,54,185.93
PR,Toledo,10025.74,69,145.3
SP,Franco Da Rocha,10012.2,108,92.71
SP,Cajamar,9838.27,98,100.39
MG,Caratinga,9690.26,62,156.29
SP,Bertioga,9520.550000000001,48,198.34
SP,Sao Roque,9503.34,77,123.42
SP,Barretos,9500.97,73,130.15
GO,Rio Verde,9450.0,64,147.66
RS,Bage,9435.64,63,149.77
MG,Conselheiro Lafaiete,9350.57,82,114.03
SP,Francisco Morato,9306.81,97,95.95
SP,Poa,9288.45,84,110.58
RS,Cachoeirinha,9232.35,70,131.89
SP,Lins,9189.96,55,167.09
PR,Paranagua,9144.55,59,154.99
RJ,Mesquita,9132.02,75,121.76
PR,Pato Branco,9047.64,53,170.71
PE,Caruaru,9006.039999999999,63,142.95
SP,Mairipora,8995.18,73,123.22
SP,Mogi Mirim,8976.07,75,119.68
BA,Lauro De Freitas,8954.880000000001,75,119.4
SP,Vinhedo,8936.09,92,97.13
MS,Dourados,8907.7,64,139.18
SP,Jau,8893.26,70,127.05
SP,Sao Sebastiao,8880.36,59,150.51
BA,Ilheus,8856.74,71,124.74
SP,Ubatuba,8824.83,75,117.66
AL,Arapiraca,8708.72,28,311.03
PR,Pinhais,8647.92,65,133.04
SP,Pirassununga,8550.33,69,123.92
SP,Itapecerica Da Serra,8549.880000000001,96,89.06
MG,Manhuacu,8510.0,64,132.97
SP,Jaguariuna,8478.67,60,141.31
PR,Guarapuava,8477.460000000001,62,136.73
MG,Paracatu,8430.41,63,133.82
SP,Votuporanga,8372.9,63,132.9
MG,Lagoa Santa,8341.07,58,143.81
BA,Itabuna,8334.15,59,141.26
MG,Sao Joao Del Rei,8297.97,67,123.85
SP,Avare,8249.97,62,133.06
TO,Araguaina,8203.539999999999,41,200.09
SP,Jandira,8098.87,82,98.77
SP,Leme,7968.02,48,166.0
MG,Itauna,7942.95,57,139.35
SC,Videira,7932.61,46,172.45
RS,Lajeado,7928.51,49,161.81
SP,Lorena,7910.12,82,96.46
BA,Luis Eduardo Magalhaes,7823.96,33,237.09
MG,Nova Serrana,7790.37,49,158.99
SC,Brusque,7761.75,59,131.56
MG,Teofilo Otoni,7744.2300000000005,75,103.26
RR,Boa Vista,7739.53,45,171.99
BA,Juazeiro,7677.28,44,174.48
SP,Aruja,7565.78,68,111.26
RN,Parnamirim,7478.68,58,128.94
PR,Francisco Beltrao,7472.39,51,146.52
MG,Timoteo,7453.57,50,149.07
SP,Fernandopolis,7445.06,53,140.47
MS,Tres Lagoas,7431.32,42,176.94
MG,Ibirite,7375.78,49,150.53
SP,Itapira,7349.64,53,138.67
BA,Camacari,7294.22,61,119.58
PR,Campo Mourao,7259.52,56,129.63
PR,Colombo,7248.04,58,124.97
RJ,Tres Rios,7227.52,39,185.32
SP,Matao,7207.71,52,138.61
MA,Imperatriz,7171.38,40,179.28
MG,Para De Minas,7162.08,37,193.57
RJ,Itaborai,7134.27,60,118.9
SP,Boituva,7104.43,46,154.44
BA,Jacobina,7079.66,24,294.99
MT,Varzea Grande,7043.05,41,171.78
CE,Juazeiro Do Norte,7034.78,34,206.91
SC,Gaspar,7026.34,28,250.94
MG,Ponte Nova,6996.99,39,179.41
SP,Cubatao,6996.03,79,88.56
RJ,Itaperuna,6963.57,47,148.16
MG,Joao Monlevade,6959.85,51,136.47
BA,Eunapolis,6944.8,38,182.76
PR,Apucarana,6905.7,50,138.11
SP,Sertaozinho,6884.13,62,111.03
MG,Ouro Preto,6861.56,56,122.53
PR,Paranavai,6830.35,45,151.79
RS,Bento Goncalves,6828.56,55,124.16
SC,Navegantes,6783.17,31,218.81
MG,Pirapora,6778.08,41,165.32
SP,Cosmopolis,6747.8,52,129.77
ES,Colatina,6735.61,64,105.24
SP,Peruibe,6681.02,44,151.84
SP,Lencois Paulista,6627.32,42,157.79
PR,Arapongas,6617.96,34,194.65
SP,Jaboticabal,6593.53,52,126.8
RJ,Paracambi,6571.96,35,187.77
ES,Sao Mateus,6569.97,47,139.79
RS,Viamao,6565.4,71,92.47
RS,Esteio,6521.86,41,159.07
BA,Paulo Afonso,6492.59,39,166.48
SP,Tupa,6483.03,52,124.67
MT,Sinop,6474.65,44,147.15
RS,Erechim,6418.38,57,112.6
MG,Unai,6393.09,53,120.62
RJ,Itaguai,6371.84,47,135.57
SP,Andradina,6292.93,41,153.49
SP,Registro,6288.47,46,136.71
SP,Itapeva,6257.43,50,125.15
RS,Osorio,6251.24,35,178.61
BA,Alagoinhas,6249.23,40,156.23
RS,Cachoeira Do Sul,6246.42,31,201.5
SP,Embu-Guacu,6244.68,46,135.75
MT,Primavera Do Leste,6232.81,28,222.6
SP,Mococa,6221.07,33,188.52
RS,Alvorada,6207.7300000000005,50,124.15
MG,Patrocinio,6190.15,44,140.69
RJ,Queimados,6156.75,54,114.01
SC,Sao Miguel Do Oeste,6155.72,40,153.89
BA,Valenca,6126.62,34,180.19
SC,Itapema,6109.87,44,138.86
SP,Cruzeiro,6109.5,56,109.1
MG,Uba,6076.88,50,121.54
PR,Rolandia,6061.03,27,224.48
MG,Vespasiano,6020.9400000000005,41,146.85
MG,Guaxupe,6018.03,36,167.17
SC,Concordia,5908.49,49,120.58
SP,Artur Nogueira,5885.6900000000005,39,150.92
SP,Olimpia,5862.54,37,158.45
CE,Caucaia,5856.66,35,167.33
SP,Mirassol,5850.89,29,201.75
SP,Vargem Grande Paulista,5833.55,44,132.58
MT,Lucas Do Rio Verde,5807.76,24,241.99
PR,Umuarama,5770.52,40,144.26
PE,Paulista,5736.77,41,139.92
RS,Sapucaia Do Sul,5683.84,40,142.1
SC,Taio,5645.25,14,403.23
RS,Ijui,5584.45,52,107.39
SP,Batatais,5574.8,28,199.1
MG,Ituiutaba,5547.87,55,100.87
RJ,Barra Do Pirai,5543.41,54,102.66
MG,Curvelo,5541.0,43,128.86
GO,Catalao,5454.03,34,160.41
RS,Santo Angelo,5433.26,46,118.11
SP,Adamantina,5425.97,36,150.72
RS,Guaiba,5417.51,31,174.76
MG,Arcos,5391.7300000000005,25,215.67
PA,Santarem,5387.66,44,122.45
GO,Valparaiso De Goias,5367.95,36,149.11
CE,Maracanau,5342.73,34,157.14
RJ,Santo Antonio De Padua,5330.88,31,171.96
GO,Caldas Novas,5301.63,36,147.27
GO,Formosa,5282.15,34,155.36
SP,Itupeva,5280.51,43,122.8
MA,Balsas,5274.43,17,310.26
MG,Alfenas,5230.5199999999995,42,124.54
TO,Gurupi,5229.29,24,217.89
SP,Mongagua,5168.18,39,132.52
PA,Altamira,5168.15,25,206.73
GO,Itumbiara,5156.12,36,143.23
RJ,Arraial Do Cabo,5121.99,28,182.93
MG,Santa Barbara,5118.21,26,196.85
SP,Sao Jose Do Rio Pardo,5106.24,44,116.05
RS,Santo Antonio Da Patrulha,5100.08,17,300.0
PA,Tucurui,5096.7,17,299.81
PR,Araucaria,5086.1,54,94.19
PR,Uniao Da Vitoria,5081.929999999999,29,175.24
MG,Itabirito,5078.13,29,175.11
MG,Pedro Leopoldo,5057.01,40,126.43
PR,Mandaguari,5039.15,18,279.95
SP,Santo Antonio De Posse,5027.89,20,251.39
SP,Campo Limpo Paulista,5013.34,48,104.44
SP,Bebedouro,4992.89,51,97.9
MG,Salinas,4986.7699999999995,22,226.67
MT,Campo Novo Do Parecis,4970.79,16,310.67
SP,Piraju,4954.98,18,275.28
RS,Montenegro,4910.599999999999,32,153.46
SP,Tremembe,4876.03,38,128.32
SC,Sao Bento Do Sul,4869.9,44,110.68
PR,Cianorte,4863.67,39,124.71
RJ,Armacao Dos Buzios,4836.4,29,166.77
RN,Mossoro,4805.56,35,137.3
MG,Sao Sebastiao Do Paraiso,4800.05,35,137.14
MG,Bom Jesus Do Galho,4795.29,4,1198.82
SC,Rio Do Sul,4777.85,35,136.51
SP,Penapolis,4776.58,37,129.1
GO,Luziania,4761.46,33,144.29
MT,Caceres,4750.19,25,190.01
SP,Capivari,4721.17,33,143.07
PR,Telemaco Borba,4693.49,34,138.04
RS,Capao Da Canoa,4692.09,38,123.48
BA,Jequie,4687.84,34,137.88
MG,Bom Despacho,4680.53,38,123.17
RJ,Sao Pedro Da Aldeia,4672.43,46,101.57
BA,Simoes Filho,4671.4800000000005,21,222.45
SC,Joacaba,4671.01,25,186.84
RS,Uruguaiana,4653.96,48,96.96
MS,Corumba,4652.52,26,178.94
SP,Taquaritinga,4604.03,33,139.52
MG,Carangola,4592.0,27,170.07
BA,Guanambi,4589.57,37,124.04
SC,Canoinhas,4583.01,27,169.74
SP,Louveira,4557.69,43,105.99
SC,Cacador,4548.39,39,116.63
SP,Monte Mor,4544.84,39,116.53
PR,Fazenda Rio Grande,4505.5,28,160.91
RJ,Vassouras,4491.8,37,121.4
RS,Alegrete,4483.77,35,128.11
MG,Cataguases,4474.87,32,139.84
RJ,Japeri,4458.2699999999995,34,131.13
RJ,Saquarema,4453.15,45,98.96
SP,Nova Odessa,4438.61,38,116.81
MG,Sabara,4432.98,40,110.82
SP,Dracena,4428.0599999999995,26,170.31
RS,Taquara,4427.54,21,210.84
MG,Ouro Branco,4419.23,41,107.79
MG,Formiga,4407.9400000000005,32,137.75
MG,Tres Coracoes,4403.93,40,110.1
RJ,Rio Bonito,4402.01,28,157.21
RJ,Seropedica,4391.15,33,133.07
RS,Campo Bom,4366.72,35,124.76
MG,Mariana,4366.58,32,136.46
CE,Pacatuba,4317.98,5,863.6
BA,Santo Antonio De Jesus,4312.85,29,148.72
SP,Sao Joaquim Da Barra,4302.49,34,126.54
SC,Biguacu,4301.2,24,179.22
SP,Pereira Barreto,4294.72,19,226.04
RS,Santana Do Livramento,4248.2300000000005,20,212.41
MG,Passos,4247.28,43,98.77
MT,Juina,4241.32,16,265.08
MG,Sao Lourenco,4222.89,33,127.97
MG,Coronel Fabriciano,4201.7,41,102.48
MG,Extrema,4182.04,39,107.23
SP,Monte Alegre Do Sul,4181.79,6,696.96
SC,Xanxere,4175.87,29,144.0
SP,Promissao,4149.85,31,133.87
SP,Tiete,4142.82,36,115.08
RO,Ariquemes,4124.97,13,317.31
SP,Barra Bonita,4122.43,29,142.15
PE,Garanhuns,4107.4800000000005,31,132.5
PR,Almirante Tamandare,4105.79,34,120.76
PE,Trindade,4084.8,4,1021.2
MG,Santa Vitoria,4083.77,17,240.22
MT,Barra Do Garcas,4076.2,25,163.05
MG,Andradas,4070.31,12,339.19
ES,Aracruz,4064.07,40,101.6
PI,Parnaiba,4060.01,23,176.52
PB,Patos,4036.65,16,252.29
PA,Abaetetuba,4028.57,11,366.23
SP,Alvares Machado,4022.57,8,502.82
MG,Carmo Do Paranaiba,4008.64,16,250.54
SP,Orlandia,3993.92,27,147.92
MT,Tangara Da Serra,3970.6,24,165.44
SC,Timbo,3957.67,20,197.88
RJ,Valenca,3940.46,27,145.94
PR,Cambe,3930.67,27,145.58
SP,Itarare,3915.3,28,139.83
PA,Parauapebas,3913.06,26,150.5
MG,Santa Rita Do Sapucai,3910.7,35,111.73
PR,Campo Largo,3894.89,37,105.27
SP,Santa Fe Do Sul,3884.35,34,114.25
MS,Ponta Pora,3879.51,17,228.21
CE,Russas,3843.87,9,427.1
SC,Imbituba,3838.35,34,112.89
ES,Guacui,3797.29,16,237.33
PB,Catole Do Rocha,3742.5899999999997,6,623.76
SP,Aparecida,3740.96,25,149.64
MG,Ipanema,3727.77,7,532.54
SP,Martinopolis,3708.09,8,463.51
MG,Piumhii,3707.31,28,132.4
SP,Ituverava,3703.83,28,132.28
SP,Cerqueira Cesar,3701.52,18,205.64
SP,Guaira,3698.54,36,102.74
SP,Presidente Venceslau,3691.89,25,147.68
SP,Sao Pedro,3683.54,12,306.96
PE,Camaragibe,3642.88,35,104.08
RS,Panambi,3640.99,17,214.18
PR,Marechal Candido Rondon,3638.56,31,117.37
PA,Castanhal,3628.62,21,172.79
PI,Picos,3598.56,18,199.92
PA,Maraba,3597.17,22,163.51
PR,Laranjeiras Do Sul,3595.56,20,179.78
RS,Sapiranga,3540.6,24,147.52
CE,Iguatu,3538.29,14,252.74
SC,Tijucas,3504.74,30,116.82
GO,Pires Do Rio,3500.83,12,291.74
MT,Alta Floresta,3495.55,12,291.3
MG,Frutal,3474.85,26,133.65
MG,Januaria,3471.23,22,157.78
RJ,Casimiro De Abreu,3458.33,20,172.92
SP,Ibiuna,3439.52,31,110.95
BA,Teixeira De Freitas,3439.17,29,118.59
GO,Trindade,3425.57,24,142.73
BA,Campo Formoso,3419.13,10,341.91
RO,Ji-Parana,3412.04,17,200.71
RJ,Bom Jesus Do Itabapoana,3405.91,20,170.3
RS,Dois Irmaos,3398.76,17,199.93
ES,Viana,3371.82,21,160.56
SP,Guararapes,3370.84,19,177.41
SP,Itapolis,3363.99,28,120.14
RJ,Miguel Pereira,3352.3,27,124.16
MT,Sorriso,3342.75,20,167.14
SC,Indaial,3334.7400000000002,26,128.26
BA,Ipira,3332.6800000000003,7,476.1
MG,Espera Feliz,3315.75,19,174.51
GO,Posse,3310.4500000000003,15,220.7
SP,Cachoeira Paulista,3292.0,25,131.68
SP,Ilhabela,3286.28,45,73.03
SP,Sao Manuel,3278.9900000000002,21,156.14
MT,Nova Xavantina,3274.69,10,327.47
SP,Campos Do Jordao,3273.0,26,125.88
MG,Monte Carmelo,3269.13,24,136.21
SP,Serra Negra,3267.53,14,233.4
RS,Trindade Do Sul,3266.99,4,816.75
RS,Ibiruba,3252.8,21,154.9
MA,Bacabal,3243.71,11,294.88
PR,Mandaguacu,3222.0,4,805.5
RS,Farroupilha,3213.03,27,119.0
BA,Valente,3209.58,9,356.62
CE,Itapaje,3198.6800000000003,6,533.11
SE,Itabaiana,3185.67,16,199.1
RS,Gramado,3176.24,30,105.87
SP,Jales,3173.05,29,109.42
RS,Guapore,3153.15,18,175.18
RS,Cruz Alta,3152.1,32,98.5
MG,Cambui,3133.7400000000002,22,142.44
CE,Crato,3128.56,19,164.66
SP,Quata,3119.56,12,259.96
SC,Camboriu,3118.18,28,111.36
SP,Aguas De Lindoia,3092.59,22,140.57
SP,Capao Bonito,3078.9700000000003,28,109.96
SP,Juquitiba,3073.87,21,146.37
RJ,Guapimirim,3067.16,22,139.42
MG,Claudio,3063.07,21,145.86
SP,Barrinha,3036.93,20,151.85
BA,Ibotirama,3032.3900000000003,7,433.2
SC,Porto Uniao,3023.65,14,215.98
GO,Mineiros,3015.3,24,125.64
SP,Garca,3013.41,28,107.62
BA,Cicero Dantas,3010.05,10,301.0
SC,Santo Amaro Da Imperatriz,3007.31,12,250.61
SP,Pederneiras,3007.07,21,143.19
PR,Medianeira,3007.04,22,136.68
MG,Buritizeiro,2987.9900000000002,9,332.0
SP,Macatuba,2984.64,12,248.72
SP,Porto Feliz,2974.07,21,141.62
RS,Santa Rosa,2972.04,33,90.06
SC,Braco Do Norte,2962.47,20,148.12
RJ,Paraiba Do Sul,2949.57,18,163.86
MG,Congonhas,2938.61,30,97.95
SP,Ibitinga,2911.26,22,132.33
ES,Marataizes,2907.27,16,181.7
MG,Janauba,2900.17,16,181.26
SP,Pedreira,2893.6,36,80.38
SP,Monte Azul Paulista,2887.91,19,152.0
SP,Cerquilho,2886.31,29,99.53
PE,Cabo De Santo Agostinho,2877.95,21,137.05
SP,Santa Isabel,2875.46,29,99.15
MG,Almenara,2872.15,14,205.15
PR,Matinhos,2862.15,27,106.01
SP,Mairinque,2860.12,25,114.4
SP,Piedade,2852.76,23,124.03
PR,Castro,2847.19,22,129.42
SP,Cunha,2845.12,14,203.22
BA,Bom Jesus Da Lapa,2829.63,9,314.4
RJ,Quissama,2827.66,13,217.51
SP,Castilho,2822.21,10,282.22
MG,Alem Paraiba,2810.56,27,104.09
RS,Encantado,2807.17,11,255.2
SC,Curitibanos,2799.04,19,147.32
SP,Novo Horizonte,2798.39,17,164.61
MS,Maracaju,2791.96,13,214.77
SC,Ituporanga,2786.16,14,199.01
RS,Estancia Velha,2782.1,20,139.1
RJ,Paraty,2780.77,19,146.36
PA,Rondon Do Para,2780.13,9,308.9
RJ,Parati,2779.7,13,213.82
CE,Aracati,2769.53,22,125.89
ES,Alegre,2767.17,16,172.95
SP,Paraguacu Paulista,2766.8,20,138.34
SP,Piracaia,2764.83,22,125.67
MT,Agua Boa,2758.87,18,153.27
BA,Brumado,2748.75,22,124.94
RN,Pau Dos Ferros,2745.55,9,305.06
SP,Pirapora Do Bom Jesus,2744.66,16,171.54
RN,Alto Do Rodrigues,2737.46,8,342.18
RS,Imbe,2727.95,13,209.84
BA,Itapetinga,2727.12,18,151.51
RN,Caico,2723.2,10,272.32
SP,Holambra,2719.2000000000003,23,118.23
SP,Rancharia,2713.19,22,123.33
RS,Venancio Aires,2709.63,25,108.39
MG,Espinosa,2705.09,6,450.85
MG,Machado,2705.02,20,135.25
RS,Tramandai,2703.52,25,108.14
MG,Santana Do Paraiso,2696.82,16,168.55
SC,Garopaba,2693.08,23,117.09
MG,Taiobeiras,2684.71,13,206.52
MG,Jacutinga,2670.82,18,148.38
SC,Itapiranga,2667.18,11,242.47
PE,Santa Cruz Do Capibaribe,2664.87,13,204.99
SP,Ipero,2659.28,18,147.74
PE,Escada,2658.43,10,265.84
PA,Pacaja,2651.06,6,441.84
ES,Venda Nova Do Imigrante,2647.83,15,176.52
RJ,Natividade,2645.37,15,176.36
CE,Quixada,2620.67,12,218.39
SP,Tapiratiba,2601.22,12,216.77
SE,Estancia,2594.65,9,288.29
MG,Sao Joao Nepomuceno,2594.0,14,185.29
RJ,Cordeiro,2587.96,23,112.52
SP,Bariri,2577.4500000000003,14,184.1
MG,Capelinha,2562.96,19,134.89
MG,Santa Juliana,2557.49,8,319.69
BA,Senhor Do Bonfim,2557.28,19,134.59
SP,Monte Alto,2549.01,33,77.24
SC,Fraiburgo,2548.58,13,196.04
RS,Vacaria,2540.07,23,110.44
MS,Aparecida Do Taboado,2531.9,7,361.7
MG,Monte Siao,2530.28,20,126.51
RS,Feliz,2523.43,14,180.24
MG,Pitangui,2517.23,22,114.42
SP,Santa Cruz Do Rio Pardo,2506.48,34,73.72
MG,Oliveira,2504.0,21,119.24
BA,Riachao Do Jacuipe,2502.4,5,500.48
BA,Dias D'Avila,2493.44,24,103.89
PR,Missal,2490.76,7,355.82
MG,Araujos,2490.5,5,498.1
SP,Taquarituba,2488.53,15,165.9
MG,Caete,2482.97,27,91.96
MG,Sao Gotardo,2479.38,20,123.97
MG,Joao Pinheiro,2475.31,16,154.71
MT,Paranatinga,2463.29,2,1231.64
SP,Bonfim Paulista,2457.37,18,136.52
PE,Vitoria De Santo Antao,2455.15,15,163.68
SP,Piratininga,2449.18,9,272.13
MG,Ouro Fino,2443.96,15,162.93
RJ,Barra De Sao Joao,2440.85,13,187.76
ES,Nova Venecia,2439.9,19,128.42
MA,Codo,2419.82,8,302.48
RS,Canela,2418.63,17,142.27
PR,Dois Vizinhos,2409.52,28,86.05
CE,Crateus,2407.76,9,267.53
MG,Coromandel,2403.93,25,96.16
RS,Quarai,2402.99,4,600.75
PR,Irati,2400.3199999999997,21,114.3
MG,Nanuque,2395.9700000000003,25,95.84
RS,Veranopolis,2394.04,18,133.0
MG,Diamantina,2378.38,26,91.48
CE,Tiangua,2377.09,9,264.12
PE,Abreu E Lima,2376.9500000000003,11,216.09
RS,Sao Gabriel,2362.85,23,102.73
SP,Americo Brasiliense,2360.1,17,138.83
RS,Carlos Barbosa,2349.79,18,130.54
RJ,Iguaba Grande,2348.6,19,123.61
GO,Goiatuba,2347.44,10,234.74
GO,Ipameri,2320.55,13,178.5
SC,Icara,2317.34,21,110.35
RS,Santiago,2304.7,26,88.64
MT,Querencia,2302.62,10,230.26
SC,Penha,2298.09,17,135.18
MG,Tres Pontas,2293.71,20,114.69
PE,Salgueiro,2290.45,16,143.15
SP,Rio Grande Da Serra,2264.3,26,87.09
MG,Brumadinho,2258.23,26,86.86
SP,Cravinhos,2249.05,23,97.78
RS,Cruzeiro Do Sul,2247.89,4,561.97
MG,Manhumirim,2246.78,15,149.79
MT,Comodoro,2245.02,7,320.72
SP,Ilha Solteira,2244.54,23,97.59
SP,Itaporanga,2237.28,12,186.44
RJ,Paty Do Alferes,2234.66,13,171.9
PR,Cornelio Procopio,2234.17,24,93.09
SC,Ararangua,2222.65,17,130.74
GO,Aguas Lindas De Goias,2219.91,24,92.5
PA,Novo Progresso,2219.01,5,443.8
CE,Eusebio,2217.51,13,170.58
RS,Estrela,2217.15,16,138.57
ES,Piuma,2216.18,17,130.36
GO,Inhumas,2210.83,16,138.18
SP,Laranjal Paulista,2209.33,17,129.96
RO,Vilhena,2207.95,18,122.66
MG,Bambui,2206.67,18,122.59
BA,Mucuri,2203.67,7,314.81
SC,Laguna,2202.73,14,157.34
PB,Pianco,2200.0,1,2200.0
PA,Nova Esperanca Do Piria,2199.0,1,2199.0
SP,Socorro,2196.46,18,122.03
MS,Nova Andradina,2194.87,11,199.53
PE,Carpina,2194.76,10,219.48
RJ,Bom Jardim,2189.45,14,156.39
PR,Marialva,2183.17,15,145.54
PA,Paragominas,2182.65,19,114.88
MG,Camanducaia,2180.67,9,242.3
SP,Presidente Epitacio,2177.52,22,98.98
MG,Varzea Da Palma,2171.77,11,197.43
MG,Matias Barbosa,2169.86,13,166.91
PE,Araripina,2169.58,12,180.8
AL,Teotonio Vilela,2168.68,8,271.08
RS,Marau,2167.34,22,98.52
MG,Guarani,2164.42,7,309.2
MT,Colider,2161.73,8,270.22
SP,Espirito Santo Do Pinhal,2160.02,18,120.0
AL,Sao Sebastiao,2159.98,1,2159.98
SP,Bofete,2157.59,6,359.6
PI,Sao Raimundo Nonato,2145.39,7,306.48
RS,Sao Lourenco Do Sul,2135.38,14,152.53
PE,Taquaritinga Do Norte,2129.9,7,304.27
GO,Novo Gama,2124.94,16,132.81
RS,Sao Borja,2124.7400000000002,18,118.04
SP,Santa Rita Do Passa Quatro,2123.97,18,118.0
RJ,Sao Joao Da Barra,2115.54,15,141.04
PA,Tailandia,2113.1800000000003,4,528.3
GO,Cristalina,2112.65,8,264.08
SP,Aguai,2111.48,10,211.15
PR,Rio Negro,2105.87,15,140.39
MG,Paraisopolis,2101.66,15,140.11
RJ,Pirai,2100.17,13,161.55
RS,Sao Sebastiao Do Cai,2087.84,13,160.6
RJ,Pinheiral,2085.29,13,160.41
SP,Viradouro,2081.54,18,115.64
PR,Antonina,2077.57,10,207.76
SP,Conchal,2075.24,19,109.22
MG,Nova Era,2074.71,15,138.31
MG,Lagoa Grande,2060.89,4,515.22
PE,Serra Talhada,2053.18,10,205.32
RJ,Cambuci,2042.79,8,255.35
PR,Lapa,2039.2,14,145.66
RS,Carazinho,2030.93,23,88.3
RJ,Sao Fidelis,2029.25,23,88.23
SP,Junqueiropolis,2029.24,15,135.28
GO,Ipora,2025.99,15,135.07
BA,Nucleo Residencial Pilar,2024.35,8,253.04
MA,Presidente Dutra,2021.08,11,183.73
SC,Cocal Do Sul,2015.29,4,503.82
PR,Palmeira,2013.32,12,167.78
BA,Cruz Das Almas,2007.24,18,111.51
SP,Porto Ferreira,2000.7,27,74.1
SE,Cedro De Sao Joao,1999.99,3,666.66
PR,Sarandi,1998.93,17,117.58
MG,Engenheiro Navarro,1997.0,1,1997.0
GO,Goianesia,1992.36,17,117.2
CE,Ico,1990.88,8,248.86
PE,Agrestina,1989.0,1,1989.0
MG,Sacramento,1986.5700000000002,13,152.81
RJ,Cantagalo,1981.48,17,116.56
PE,Gravata,1970.99,11,179.18
RS,Tres De Maio,1969.05,12,164.09
SP,Cesario Lange,1966.5,13,151.27
PB,Sape,1959.99,2,980.0
MG,Santo Antonio Do Monte,1959.11,15,130.61
RJ,Cachoeiras De Macacu,1958.25,21,93.25
SE,Lagarto,1955.43,11,177.77
SP,Ipua,1949.79,3,649.93
PE,Igarassu,1936.82,13,148.99
SC,Bombinhas,1935.41,15,129.03
PR,Goioere,1935.28,11,175.93
MG,Guanhaes,1931.45,18,107.3
SC,Campos Novos,1929.69,14,137.84
PR,Palmas,1921.38,19,101.13
RS,Triunfo,1918.53,11,174.41
PE,Ouricuri,1916.8600000000001,7,273.84
BA,Serrinha,1914.15,14,136.72
MT,Mirassol D'Oeste,1912.02,14,136.57
MS,Navirai,1910.88,8,238.86
SP,Pompeia,1907.08,17,112.18
GO,Ceres,1905.47,7,272.21
MG,Igarape,1904.26,10,190.43
AL,Maragogi,1897.05,5,379.41
PR,Pinhalao,1894.94,7,270.71
GO,Piracanjuba,1893.26,10,189.33
ES,Santa Maria De Jetiba,1888.97,15,125.93
PR,Sao Mateus Do Sul,1887.96,14,134.85
SP,Santo Anastacio,1884.6,17,110.86
PE,Parnamirim,1884.22,4,471.06
SE,Nossa Senhora Do Socorro,1882.92,13,144.84
SP,Auriflama,1871.66,10,187.17
MT,Paranaita,1858.75,4,464.69
RS,Eldorado Do Sul,1853.48,15,123.57
SP,Morro Agudo,1850.95,10,185.1
ES,Anchieta,1848.5,13,142.19
MG,Itanhandu,1846.38,13,142.03
PR,Jandaia Do Sul,1839.25,8,229.91
MG,Campo Belo,1836.3400000000001,21,87.44
GO,Porangatu,1828.15,13,140.63
PR,Guaratuba,1821.8799999999999,9,202.43
SP,Cajati,1821.32,16,113.83
SP,Santa Rosa De Viterbo,1818.22,14,129.87
PB,Cajazeiras,1818.1599999999999,11,165.29
BA,Santo Amaro,1805.93,10,180.59
MA,Timon,1802.69,15,120.18
RO,Cacoal,1801.47,12,150.12
MG,Conselheiro Pena,1800.66,14,128.62
TO,Paraiso Do Tocantins,1799.04,10,179.9
PR,Mariental,1799.0,1,1799.0
MG,Eloi Mendes,1795.3899999999999,10,179.54
PR,Mangueirinha,1794.67,9,199.41
MG,Santos Dumont,1791.3,21,85.3
MA,Caxias,1790.55,16,111.91
SP,Nova Granada,1790.33,19,94.23
SP,Osvaldo Cruz,1786.46,16,111.65
MG,Barao De Cocais,1782.5,16,111.41
MG,Esmeraldas,1780.97,14,127.21
MG,Iturama,1772.55,15,118.17
SP,Fartura,1771.4099999999999,10,177.14
MG,Caxambu,1770.6299999999999,17,104.15
PR,Ampere,1769.67,9,196.63
SP,Pariquera-Acu,1765.1000000000001,15,117.67
PR,Quatro Barras,1763.66,18,97.98
SP,Palmital,1760.16,18,97.79
SP,Itatinga,1760.15,4,440.04
ES,Itaguacu,1758.0300000000002,7,251.15
SP,Itai,1757.58,10,175.76
MG,Buritis,1756.22,14,125.44
PR,Cafelandia,1755.11,12,146.26
RS,Santa Vitoria Do Palmar,1750.75,12,145.9
PE,Sanharo,1748.0,3,582.67
MG,Passa Quatro,1746.56,10,174.66
GO,Niquelandia,1745.59,14,124.68
GO,Santa Fe De Goias,1737.69,4,434.42
MG,Abaete,1732.81,12,144.4
SC,Mafra,1732.23,26,66.62
BA,Irece,1729.52,13,133.04
MG,Lagoa Da Prata,1725.39,11,156.85
RJ,Itaocara,1720.65,16,107.54
PB,Esperanca,1720.3799999999999,6,286.73
SC,Xaxim,1718.58,10,171.86
RS,Camaqua,1716.75,13,132.06
BA,Caetite,1712.31,9,190.26
BA,Santa Maria Da Vitoria,1710.55,13,131.58
PA,Ourilandia Do Norte,1710.08,5,342.02
MG,Itamarandiba,1706.99,8,213.37
PR,Loanda,1704.3600000000001,13,131.1
SP,Miguelopolis,1694.37,13,130.34
MG,Santana Do Jacare,1685.79,4,421.45
SC,Barra Velha,1684.01,15,112.27
PI,Floriano,1681.46,16,105.09
SC,Morro Da Fumaca,1676.0,7,239.43
SC,Sao Joao Batista,1675.22,10,167.52
RS,Charqueadas,1674.51,16,104.66
PE,Belo Jardim,1671.14,11,151.92
MG,Sao Joaquim De Bicas,1663.28,8,207.91
BA,Esplanada,1660.9,5,332.18
RS,Parobe,1660.58,11,150.96
CE,Beberibe,1659.8,2,829.9
PE,Gameleira,1657.98,4,414.5
SP,Itajobi,1653.95,10,165.4
SP,Ibate,1652.59,13,127.12
MG,Mantena,1652.22,11,150.2
RS,Sao Luiz Gonzaga,1650.01,14,117.86
PR,Bandeirantes,1648.3,12,137.36
SC,Sao Francisco Do Sul,1648.08,17,96.95
RJ,Miracema,1643.24,19,86.49
MG,Carmo Do Cajuru,1638.44,10,163.84
GO,Uruacu,1630.22,16,101.89
PE,Catende,1630.18,7,232.88
MG,Carmopolis De Minas,1629.78,5,325.96
SP,Caconde,1628.19,10,162.82
PE,Bom Conselho,1624.93,7,232.13
RS,Taquari,1619.28,11,147.21
MG,Bocaiuva,1618.27,13,124.48
CE,Camocim,1616.3899999999999,7,230.91
MS,Paranaiba,1616.23,15,107.75
RJ,Santo Amaro De Campos,1611.78,6,268.63
SP,Paraibuna,1610.99,10,161.1
SP,Santa Adelia,1609.6499999999999,15,107.31
SP,Guariba,1608.43,14,114.89
PE,Ipojuca,1605.2,17,94.42
PR,Piraquara,1604.51,14,114.61
PA,Jacunda,1601.71,6,266.95
SP,Jardinopolis,1600.05,13,123.08
MA,Loreto,1599.99,1,1599.99
MG,Leopoldina,1598.77,16,99.92
MS,Coxim,1598.75,11,145.34
RS,Crissiumal,1589.0,2,794.5
MA,Vitorino Freire,1588.0,3,529.33
RS,Cangucu,1584.98,14,113.21
SP,Pirajui,1583.52,12,131.96
PR,Nova Esperanca,1579.78,8,197.47
SC,Pomerode,1579.3600000000001,9,175.48
TO,Porto Nacional,1577.68,8,197.21
PB,Pombal,1577.5,6,262.92
SP,Candido Mota,1573.29,16,98.33
MS,Chapadao Do Sul,1569.79,14,112.13
RS,Lagoa Vermelha,1566.26,13,120.48
PA,Canaa Dos Carajas,1565.93,9,173.99
GO,Minacu,1561.6200000000001,11,141.97
RS,Palmeira Das Missoes,1559.51,16,97.47
MS,Sidrolandia,1557.76,11,141.61
MG,Visconde Do Rio Branco,1557.34,18,86.52
SP,Reginopolis,1552.99,3,517.66
MG,Vazante,1549.6299999999999,6,258.27
RJ,Conceicao De Macabu,1548.48,12,129.04
CE,Ipueiras,1547.29,3,515.76
MA,Nova Olinda Do Maranhao,1546.4,4,386.6
RS,Ronda Alta,1544.33,6,257.39
CE,Campos Sales,1543.9,4,385.98
MG,Conceicao Das Alagoas,1542.4,3,514.13
PB,Santa Rita,1541.65,7,220.24
MG,Boa Esperanca,1539.82,11,139.98
RO,Costa Marques,1534.9,2,767.45
RS,Toropi,1529.9,3,509.97
CE,Brejo Santo,1529.8600000000001,10,152.99
RJ,Itatiaia,1526.46,18,84.8
MG,Periquito,1526.0,2,763.0
MS,Cassilandia,1524.5,5,304.9
PE,Petrolandia,1520.49,9,168.94
ES,Ibatiba,1518.78,9,168.75
SP,Embu,1517.88,11,137.99
RS,Mostardas,1517.83,11,137.98
SP,Tambau,1513.43,19,79.65
MG,Mata Verde,1512.53,6,252.09
SP,Aracoiaba Da Serra,1511.5700000000002,11,137.42
BA,Camamu,1506.82,9,167.42
MG,Lambari,1506.47,8,188.31
SP,Pacaembu,1505.29,6,250.88
MG,Entre Rios De Minas,1503.8600000000001,7,214.84
SC,Imbuia,1501.88,4,375.47
SC,Balneario Picarras,1501.81,9,166.87
GO,Santa Helena De Goias,1499.73,9,166.64
SP,Bom Jesus Dos Perdoes,1498.74,16,93.67
RJ,Sao Francisco De Itabapoana,1497.76,15,99.85
TO,Alvorada,1494.47,6,249.08
RS,Teutonia,1493.6,14,106.69
RJ,Carmo,1493.19,13,114.86
ES,Castelo,1491.8,17,87.75
CE,Nova Olinda,1490.8,3,496.93
PI,Corrente,1489.9,4,372.48
PA,Quatro Bocas,1486.99,5,297.4
BA,Catu,1486.97,10,148.7
SP,Jose Bonifacio,1486.3400000000001,12,123.86
RJ,Porto Real,1484.6,7,212.09
BA,Pojuca,1481.09,13,113.93
CE,Cruz,1480.58,7,211.51
GO,Morrinhos,1479.79,14,105.7
PR,Siqueira Campos,1478.08,9,164.23
GO,Quirinopolis,1475.95,14,105.42
MG,Piranguinho,1475.65,9,163.96
SC,Garuva,1467.38,5,293.48
RJ,Aperibe,1464.94,12,122.08
RS,Chapada,1463.19,4,365.8
RN,Currais Novos,1462.79,8,182.85
PR,Andira,1462.18,11,132.93
RS,Dom Pedrito,1461.93,10,146.19
SC,Correia Pinto,1454.23,11,132.2
MG,Paraguacu,1452.85,12,121.07
MG,Buenopolis,1450.38,5,290.08
SP,Jarinu,1450.3799999999999,19,76.34
BA,Ibitita,1450.0,1,1450.0
SC,Lauro Muller,1449.57,8,181.2
ES,Afonso Claudio,1448.78,10,144.88
PI,Sao Joao Do Piaui,1446.79,5,289.36
MA,Sao Jose De Ribamar,1444.82,14,103.2
RS,Flores Da Cunha,1439.45,12,119.95
CE,Limoeiro Do Norte,1436.57,12,119.71
MS,Fatima Do Sul,1436.29,4,359.07
ES,Marilandia,1436.0700000000002,8,179.51
SP,Altinopolis,1428.8,4,357.2
RS,Arroio Do Meio,1425.21,10,142.52
PA,Redencao,1423.25,12,118.6
PB,Queimadas,1422.9,5,284.58
MT,Itauba,1420.98,5,284.2
BA,Buerarema,1420.8,4,355.2
MG,Nova Ponte,1409.49,9,156.61
MG,Baependi,1409.04,8,176.13
SC,Orleans,1408.5900000000001,8,176.07
ES,Sao Gabriel Da Palha,1406.8000000000002,13,108.22
SP,Tanabi,1404.3899999999999,11,127.67
MG,Ipaba,1403.5,8,175.44
SC,Faxinal Dos Guedes,1402.74,10,140.27
RJ,Boa Esperanca,1399.99,1,1399.99
ES,Baixo Guandu,1399.1,8,174.89
RS,Campinas Do Sul,1398.8899999999999,6,233.15
BA,Formosa Do Rio Preto,1398.13,3,466.04
MG,Mutum,1397.94,8,174.74
PR,Jaguariaiva,1397.2,17,82.19
BA,Itamaraju,1394.23,11,126.75
SP,Bocaina,1391.9,6,231.98
MG,Bonfinopolis De Minas,1387.2,2,693.6
BA,Mata De Sao Joao,1382.55,12,115.21
SP,Biritiba-Mirim,1381.72,10,138.17
PE,Barreiros,1381.16,6,230.19
RN,Joao Camara,1379.8000000000002,2,689.9
RS,Bom Retiro Do Sul,1379.0,2,689.5
SC,Guaramirim,1377.08,13,105.93
CE,Santana Do Acarau,1376.8899999999999,4,344.22
GO,Senador Canedo,1375.57,16,85.97
MG,Jequitinhonha,1372.37,11,124.76
SP,Divinolandia,1370.68,7,195.81
ES,Vila Valerio,1369.4,8,171.18
GO,Alto Paraiso De Goias,1367.34,9,151.93
MG,Ibia,1367.29,8,170.91
CE,Acarau,1364.96,8,170.62
MG,Itapecerica,1363.28,13,104.87
MG,Aracuai,1362.98,9,151.44
MG,Corinto,1362.8600000000001,11,123.9
SP,Iguape,1359.5700000000002,14,97.11
MG,Carmo Do Rio Claro,1357.62,8,169.7
PR,Jacarezinho,1356.86,17,79.82
MG,Malacacheta,1355.65,7,193.66
RS,Campestre Da Serra,1348.99,2,674.5
PE,Afogados Da Ingazeira,1345.98,8,168.25
SP,Bastos,1345.7,16,84.11
PI,Altos,1345.3899999999999,5,269.08
RN,Upanema,1343.6,3,447.87
MG,Aguas Formosas,1341.7,5,268.34
CE,Itapipoca,1341.08,11,121.92
PB,Pirpirituba,1340.0,1,1340.0
MG,Divino,1338.49,14,95.61
SP,Cordeiropolis,1338.05,16,83.63
PE,Bezerros,1337.29,11,121.57
RS,Girua,1335.28,10,133.53
MA,Sao Joao Dos Patos,1333.08,7,190.44
MG,Tupaciguara,1331.21,13,102.4
PE,Sao Bento Do Una,1328.3899999999999,4,332.1
RS,Casca,1326.27,7,189.47
SC,Apiuna,1320.6,7,188.66
RS,Torres,1320.23,16,82.51
MG,Conceicao Do Mato Dentro,1317.91,12,109.83
PI,Guadalupe,1313.6999999999998,4,328.42
PA,Sao Felix Do Xingu,1312.8,7,187.54
SP,Pitangueiras,1312.72,15,87.51
SP,Sao Miguel Arcanjo,1311.09,13,100.85
MS,Caarapo,1310.49,4,327.62
PI,Fronteiras,1308.8,3,436.27
SP,Itapui,1307.0900000000001,7,186.73
PR,Ibipora,1303.38,12,108.62
SP,Pinhalzinho,1300.42,12,108.37
MG,Barra Longa,1300.0,1,1300.0
SP,Barao Ataliba Nogueira,1300.0,1,1300.0
BA,Tapiramuta,1298.99,2,649.5
SP,Sao Simao,1297.8899999999999,10,129.79
GO,Neropolis,1297.22,7,185.32
MG,Simonesia,1295.8799999999999,8,161.98
CE,Morada Nova,1295.28,9,143.92
MG,Astolfo Dutra,1294.52,11,117.68
MG,Barroso,1289.96,11,117.27
BA,Alcobaca,1289.78,4,322.44
PR,Sao Miguel Do Iguacu,1288.2,10,128.82
RJ,Italva,1285.99,14,91.86
GO,Sao Luis De Montes Belos,1284.37,8,160.55
ES,Jaguare,1283.85,14,91.7
PA,Xinguara,1282.22,9,142.47
ES,Montanha,1278.5,8,159.81
SP,Mirandopolis,1274.99,13,98.08
RS,Tres Passos,1270.21,11,115.47
SP,Tabapua,1265.47,11,115.04
SP,Agudos,1265.3,16,79.08
PR,Realeza,1264.26,6,210.71
CE,Pacajus,1262.5900000000001,6,210.43
SP,Casa Branca,1261.58,13,97.04
SC,Gravatal,1260.27,6,210.04
SP,Teodoro Sampaio,1259.77,12,104.98
SP,Itariri,1259.3200000000002,6,209.89
SP,Balsamo,1257.23,6,209.54
CE,Barbalha,1253.98,5,250.8
SP,Duartina,1252.67,10,125.27
SP,Iracemapolis,1251.88,18,69.55
MG,Areado,1246.69,6,207.78
CE,Nova Russas,1245.04,6,207.51
GO,Campinorte,1244.69,7,177.81
RO,Pimenta Bueno,1243.79,7,177.68
BA,Vera Cruz,1243.52,7,177.65
PA,Sao Miguel Do Guama,1240.79,5,248.16
RJ,Mendes,1240.75,12,103.4
MG,Botelhos,1240.01,8,155.0
AL,Penedo,1239.87,8,154.98
PE,Sao Lourenco Da Mata,1239.86,12,103.32
MG,Dores De Campos,1238.24,7,176.89
PE,Bonito,1235.79,5,247.16
SP,Ouroeste,1235.19,11,112.29
RS,Ivoti,1235.1100000000001,13,95.01
RN,Parelhas,1233.8899999999999,4,308.47
SP,Dois Corregos,1233.69,11,112.15
SP,Descalvado,1231.74,13,94.75
PE,Saloa,1231.0,3,410.33
PE,Venturosa,1228.9,2,614.45
SP,Ipaussu,1228.72,7,175.53
MG,Sao Joao Evangelista,1227.66,7,175.38
MA,Santa Ines,1226.8799999999999,12,102.24
SC,Sombrio,1225.82,11,111.44
PA,Marituba,1224.29,14,87.45
AL,Coruripe,1222.3,3,407.43
SC,Capinzal,1220.55,10,122.06
PR,Primeiro De Maio,1216.67,7,173.81
SP,Conchas,1213.02,10,121.3
GO,Silvania,1208.79,7,172.68
PE,Palmares,1206.82,8,150.85
AP,Santana,1202.6399999999999,9,133.63
BA,Coaraci,1201.88,4,300.47
PR,Assis Chateaubriand,1200.31,12,100.03
RO,Alto Paraiso,1200.0,1,1200.0
SP,Pirangi,1199.99,8,150.0
MT,Bom Jesus Do Araguaia,1199.9,1,1199.9
PB,Passagem,1199.0,1,1199.0
BA,Riacho De Santana,1194.7,4,298.68
SP,Santa Gertrudes,1194.21,11,108.56
MG,Sao Francisco,1193.6200000000001,12,99.47
MG,Rio Pomba,1192.8600000000001,6,198.81
RJ,Sao Jose Do Vale Do Rio Preto,1192.21,12,99.35
PA,Santana Do Araguaia,1190.8,3,396.93
AM,Coari,1190.65,1,1190.65
MT,Pontes E Lacerda,1188.87,8,148.61
ES,Domingos Martins,1188.3,9,132.03
SC,Itaiopolis,1183.79,7,169.11
RS,Nova Prata,1178.96,15,78.6
CE,Ubajara,1178.9,3,392.97
SP,Parapua,1178.4,8,147.3
RS,Igrejinha,1173.03,17,69.0
SC,Schroeder,1168.69,9,129.85
RS,Santo Augusto,1165.08,9,129.45
MA,Cedral,1164.9,3,388.3
SP,Saltinho,1164.79,5,232.96
MG,Perdizes,1163.31,8,145.41
PB,Brejo Do Cruz,1160.0,1,1160.0
TO,Guarai,1156.6,4,289.15
CE,Jaguaruana,1155.15,4,288.79
RS,Itaqui,1154.38,9,128.26
PR,Campina Grande Do Sul,1152.47,10,115.25
RJ,Areal,1152.18,7,164.6
SP,Sao Lourenco Da Serra,1151.95,12,96.0
PA,Tucuma,1150.25,4,287.56
SP,Urupes,1150.14,10,115.01
SP,Salesopolis,1146.52,10,114.65
MG,Arapora,1144.3799999999999,5,228.88
PA,Conceicao Do Araguaia,1143.8899999999999,7,163.41
SC,Forquilhinha,1143.85,13,87.99
MG,Carandai,1143.5,11,103.95
CE,Quixere,1143.3,3,381.1
GO,Uruana,1142.29,3,380.76
PR,Santo Antonio Da Platina,1140.61,12,95.05
RS,Terra De Areia,1137.29,5,227.46
SC,Celso Ramos,1136.79,2,568.4
BA,Catu De Abrantes,1135.99,2,568.0
BA,Camacan,1134.67,6,189.11
CE,Jijoca De Jericoacoara,1130.9,4,282.73
SP,Salto De Pirapora,1130.59,13,86.97
SP,Santo Antonio Do Pinhal,1128.9,2,564.45
MA,Colinas,1128.87,3,376.29
RJ,Papucaia,1126.77,10,112.68
BA,Casa Nova,1126.19,6,187.7
AL,Delmiro Gouveia,1125.8,4,281.45
SP,Charqueada,1122.67,10,112.27
SC,Rio Negrinho,1121.19,13,86.25
SC,Sao Joaquim,1118.98,9,124.33
BA,Inhambupe,1117.78,7,159.68
RJ,Goitacazes,1116.3400000000001,11,101.49
SP,Itabera,1116.24,6,186.04
MG,Raul Soares,1115.51,12,92.96
SP,Maracai,1114.58,8,139.32
RS,Butia,1112.69,6,185.45
RS,Espumoso,1110.8100000000002,6,185.14
MG,Monte Belo,1109.78,5,221.96
GO,Chapadao Do Ceu,1108.57,8,138.57
SP,Aluminio,1107.25,12,92.27
RS,Nova Roma Do Sul,1106.99,1,1106.99
PI,Cocal,1106.77,8,138.35
SC,Herval D'Oeste,1106.74,9,122.97
CE,Redencao,1104.68,4,276.17
MT,Canarana,1103.73,10,110.37
BA,Entre Rios,1103.4,6,183.9
PB,Guarabira,1099.7,9,122.19
SP,Santo Antonio Do Aracangua,1099.0,1,1099.0
RN,Caicara Do Norte,1099.0,1,1099.0
SP,Guarei,1098.29,5,219.66
ES,Boa Esperanca,1097.58,7,156.8
AL,Palmeira Dos Indios,1094.4099999999999,8,136.8
SP,Guara,1093.7,8,136.71
CE,Reriutaba,1093.32,3,364.44
BA,Prado,1090.79,5,218.16
BA,Itaberaba,1089.16,10,108.92
GO,Goianapolis,1086.98,4,271.74
MG,Sao Jose Da Lapa,1086.58,8,135.82
MT,Alto Araguaia,1085.73,5,217.15
PR,Pontal Do Parana,1084.26,8,135.53
GO,Goias,1084.21,8,135.53
PA,Barcarena,1084.17,6,180.7
PA,Braganca,1083.96,9,120.44
MG,Cristina,1079.3200000000002,8,134.92
MG,Ervalia,1076.83,7,153.83
BA,Candeias,1075.17,12,89.6
SP,Brotas,1073.08,12,89.42
PE,Toritama,1072.79,5,214.56
ES,Fundao,1072.6799999999998,5,214.54
RS,Capao Do Leao,1072.25,4,268.06
GO,Acreuna,1070.43,7,152.92
SP,Pauliceia,1070.27,3,356.76
RS,Tapejara,1066.13,8,133.27
MT,Confresa,1065.65,7,152.24
RJ,Sumidouro,1060.68,10,106.07
RN,Caraubas,1059.29,3,353.1
SP,Patrocinio Paulista,1059.2,2,529.6
PR,Ibaiti,1057.36,11,96.12
MG,Pompeu,1055.18,11,95.93
MG,Catas Altas,1052.85,5,210.57
AL,Santana Do Mundau,1052.8,3,350.93
SP,Vera Cruz,1052.17,10,105.22
PR,Itapejara D'Oeste,1049.9,6,174.98
PR,Nova Prata Do Iguacu,1049.78,6,174.96
PR,Godoy Moreira,1049.0,1,1049.0
RJ,Santa Maria Madalena,1046.0900000000001,7,149.44
MG,Prata,1044.58,10,104.46
RS,Rolante,1044.15,10,104.42
MS,Costa Rica,1043.66,12,86.97
PI,Valenca Do Piaui,1043.0,4,260.75
SP,Rio Das Pedras,1042.64,11,94.79
PB,Sousa,1042.59,7,148.94
MG,Capinopolis,1042.18,11,94.74
SP,Pedregulho,1039.4,2,519.7
CE,Cascavel,1035.66,5,207.13
RS,Arroio Dos Ratos,1034.18,9,114.91
SP,Aguas Da Prata,1028.28,10,102.83
SC,Ibirama,1026.5,13,78.96
RS,Jaguarao,1025.29,8,128.16
SP,Sao Sebastiao Da Grama,1024.79,4,256.2
ES,Pinheiros,1024.32,8,128.04
SP,Buritama,1024.24,9,113.8
GO,Rubiataba,1023.1,6,170.52
PR,Colorado,1022.78,6,170.46
SP,Brodowski,1020.54,10,102.05
SP,Cajobi,1018.4300000000001,8,127.3
PE,Lagoa Grande,1018.36,4,254.59
RJ,Japuiba,1017.58,5,203.52
SP,Oriente,1017.27,3,339.09
RS,Garibaldi,1014.8,9,112.76
MG,Mar De Espanha,1014.72,9,112.75
PA,Picarra,1014.5999999999999,1,1014.6
RS,Xangri-La,1013.58,8,126.7
GO,Itaberai,1012.08,6,168.68
MG,Raposos,1009.52,11,91.77
SP,Pontal,1009.49,10,100.95
RS,Bom Principio,1003.11,6,167.18
GO,Serranopolis,1002.88,3,334.29
SP,Pilar Do Sul,1002.36,12,83.53
RN,Macau,998.88,5,199.78
BA,Conceicao Do Coite,997.89,9,110.88
SP,Taruma,997.72,9,110.86
SP,Primavera,996.78,9,110.75
PI,Campo Maior,993.66,7,141.95
SC,Araquari,993.25,11,90.3
MS,Bonito,991.47,8,123.93
RS,Frederico Westphalen,989.46,13,76.11
PE,Lajedo,988.0899999999999,7,141.16
MG,Sarzedo,987.9300000000001,18,54.89
MG,Sao Jose Da Barra,987.14,6,164.52
PE,Tabira,986.88,5,197.38
RO,Extrema,985.8,4,246.45
SP,Engenheiro Coelho,985.47,12,82.12
GO,Sao Miguel Do Araguaia,984.6600000000001,4,246.17
BA,Seabra,982.5,6,163.75
SP,Tarabai,982.35,5,196.47
SP,Luis Antonio,980.08,7,140.01
AL,Inhapi,979.9,2,489.95
BA,Santo Estevao,979.81,5,195.96
RJ,Mangaratiba,974.84,12,81.24
SP,Cosmorama,973.98,6,162.33
MG,Eugenopolis,973.87,5,194.77
MS,Rio Brilhante,972.28,11,88.39
ES,Sao Jose Do Calcado,970.1800000000001,6,161.7
PE,Lagoa Dos Gatos,969.99,3,323.33
PB,Mamanguape,969.75,6,161.62
MG,Turmalina,969.69,8,121.21
PR,Arapoti,966.97,9,107.44
MG,Fervedouro,965.76,8,120.72
SP,Guararema,965.57,10,96.56
MT,Sapezal,964.82,8,120.6
SP,Estiva Gerbi,964.26,7,137.75
PA,Uruara,962.4,6,160.4
SP,Lucelia,961.35,12,80.11
SC,Piratuba,958.98,6,159.83
AC,Cruzeiro Do Sul,957.79,3,319.26
SP,Pirapozinho,957.6500000000001,12,79.8
CE,Hidrolandia,953.77,7,136.25
MG,Aimores,951.37,10,95.14
GO,Abadiania,949.99,1,949.99
MG,Fronteira,949.6600000000001,6,158.28
TO,Cristalandia,948.69,3,316.23
SP,Monte Aprazivel,948.11,10,94.81
PE,Dormentes,946.8,2,473.4
SC,Benedito Novo,945.74,6,157.62
SP,Cardoso,944.81,6,157.47
PE,Condado,944.8,4,236.2
PR,Paicandu,943.16,10,94.32
SP,Buri,938.3199999999999,10,93.83
MG,Gouveia,936.96,4,234.24
RJ,Porciuncula,936.88,8,117.11
SE,Sao Francisco,934.9,3,311.63
MT,Campos De Julio,934.8,6,155.8
MG,Poco Fundo,933.99,8,116.75
SC,Canelinha,933.94,4,233.48
CE,Taua,933.13,10,93.31
PA,Concordia Do Para,929.78,3,309.93
PR,Figueira,928.78,4,232.2
GO,Bom Jesus,928.27,8,116.03
SP,Itaju,927.8,3,309.27
SP,Chavantes,926.52,12,77.21
PI,Bom Jesus,925.1,4,231.28
MT,Aripuana,924.78,7,132.11
BA,Jeremoabo,922.08,6,153.68
PE,Cabrobo,921.79,6,153.63
SP,Dourado,920.4300000000001,8,115.05
PR,Pinhao,920.28,8,115.04
SP,Holambra Ii,919.68,5,183.94
AL,Campo Alegre,919.1,2,459.55
RS,Arroio Do Sal,918.97,7,131.28
RJ,Varre-Sai,918.9,4,229.72
PR,Sertanopolis,918.8,4,229.7
SP,Serrana,917.9,13,70.61
CE,Morrinhos,917.8,4,229.45
SC,Otacilio Costa,913.29,5,182.66
BA,Mairi,913.0,2,456.5
BA,Jacaraci,911.79,4,227.95
SC,Sao Lourenco Do Oeste,911.37,10,91.14
SP,Guapiacu,906.98,6,151.16
RS,Encruzilhada Do Sul,903.99,8,113.0
ES,Alfredo Chaves,902.71,7,128.96
GO,Itaja,902.0,3,300.67
SP,Pradopolis,901.0,10,90.1
RS,Candido Godoi,900.0,1,900.0
CE,Bela Cruz,899.9,4,224.98
MG,Grao Mogol,899.8,3,299.93
RS,Balneario Pinhal,898.5699999999999,7,128.37
MG,Borda Da Mata,897.53,6,149.59
SP,Regente Feijo,897.01,10,89.7
SP,Areiopolis,896.49,3,298.83
SC,Urussanga,893.6800000000001,10,89.37
GO,Crixas,893.6800000000001,8,111.71
MA,Pedreiras,892.79,2,446.4
PB,Juru,890.0,1,890.0
SP,Irapuru,889.48,6,148.25
PB,Cabedelo,888.95,6,148.16
MG,Candeias,888.2900000000001,10,88.83
SP,Lutecia,887.0,1,887.0
GO,Itaguari,887.0,1,887.0
MG,Jordania,886.25,5,177.25
SP,Icem,885.97,9,98.44
SP,Urania,885.72,4,221.43
SC,Treze Tilias,885.66,11,80.51
MG,Itamonte,883.15,10,88.32
SP,Sao Luis Do Paraitinga,882.49,3,294.16
ES,Ecoporanga,881.9200000000001,8,110.24
MG,Virginopolis,881.64,8,110.2
SP,Taiuva,881.54,5,176.31
MG,Mirai,880.8100000000001,9,97.87
MG,Paraopeba,880.6700000000001,9,97.85
PE,Paudalho,878.9,2,439.45
SC,Capivari De Baixo,876.89,5,175.38
ES,Sao Domingos Do Norte,874.4,7,124.91
MA,Coroata,873.48,9,97.05
BA,Macaubas,873.37,9,97.04
PR,Palotina,872.76,10,87.28
PR,Sao Joao,872.09,11,79.28
RJ,California Da Barra,871.97,6,145.33
MT,Matupa,871.1700000000001,7,124.45
SC,Nova Trento,870.6,6,145.1
MG,Monte Santo De Minas,869.28,9,96.59
MG,Itaobim,866.9100000000001,6,144.49
MG,Bom Jardim De Minas,866.87,8,108.36
GO,Santo Antonio Do Descoberto,866.26,5,173.25
MG,Conceicao Da Aparecida,866.08,5,173.22
MA,Barra Do Corda,865.99,6,144.33
SP,Vargem Grande Do Sul,864.6,13,66.51
RJ,Conservatoria,864.09,4,216.02
SP,Miracatu,863.99,5,172.8
MG,Sao Goncalo Do Sapucai,863.4,8,107.92
PR,Cambara,863.1700000000001,10,86.32
PI,Paulistana,862.67,3,287.56
PA,Goianesia Do Para,861.99,3,287.33
PR,Assai,861.5699999999999,5,172.31
SC,Sao Joao Do Sul,861.0,2,430.5
BA,Barra Da Estiva,860.57,7,122.94
RS,Cacapava Do Sul,859.99,5,172.0
CE,Quixeramobim,859.79,6,143.3
RN,Sao Goncalo Do Amarante,859.78,7,122.83
RS,Nao-Me-Toque,859.6800000000001,7,122.81
PR,Coronel Vivida,856.87,11,77.9
MG,Bom Sucesso,856.69,4,214.17
SC,Porto Belo,856.32,9,95.15
SC,Santa Cecilia,856.22,6,142.7
MG,Brazopolis,856.13,6,142.69
GO,Goianira,853.8100000000001,8,106.73
PR,Ortigueira,853.3900000000001,7,121.91
CE,Santa Quiteria,849.67,5,169.93
SC,Itapoa,849.67,9,94.41
SC,Rodeio,849.66,7,121.38
PR,Faxinal,848.05,9,94.23
RN,Sao Miguel,846.86,4,211.72
PR,Colonia Jordaozinho,843.4,2,421.7
GO,Inaciolandia,842.99,3,281.0
SP,Borborema,842.9499999999999,9,93.66
PR,Quedas Do Iguacu,842.25,8,105.28
BA,Itacare,841.39,8,105.17
MA,Lago Da Pedra,840.37,5,168.07
MT,Barra Do Bugres,840.25,4,210.06
CE,Santana Do Cariri,839.8,3,279.93
PR,Prudentopolis,839.0899999999999,7,119.87
MG,Serro,837.89,2,418.94
SP,Boa Esperanca Do Sul,836.9000000000001,11,76.08
MG,Alpinopolis,836.6800000000001,7,119.53
BA,Queimadas,834.45,4,208.61
SP,Capela Do Alto,833.99,3,278.0
RJ,Arrozal,833.89,3,277.96
SP,Pedro De Toledo,833.11,9,92.57
GO,Cacu,832.69,7,118.96
RS,Nova Santa Rita,829.79,4,207.45
MG,Formoso,828.99,2,414.5
MG,Cachoeira Do Campo,828.99,2,414.5
SE,Simao Dias,828.48,7,118.35
MS,Dois Irmaos Do Buriti,826.9,3,275.63
MG,Conceicao Do Rio Verde,825.89,5,165.18
RS,Campos Borges,825.89,3,275.3
PR,Cruzeiro Do Oeste,825.39,7,117.91
SP,Joanopolis,824.6,6,137.43
PR,Colonia Castrolanda,824.03,3,274.68
SP,Potirendaba,823.3199999999999,9,91.48
TO,Dianopolis,822.9499999999999,7,117.56
SP,Nuporanga,821.8,3,273.93
RN,Sao Jose De Mipibu,821.69,3,273.9
PR,Guaira,820.48,7,117.21
SC,Bom Jesus,819.89,2,409.94
BA,Conde,819.0,2,409.5
SP,Angatuba,818.75,8,102.34
RS,Chui,818.6999999999999,5,163.74
GO,Mambai,816.99,2,408.5
SC,Pinhalzinho,816.86,9,90.76
RS,Sao Marcos,816.4200000000001,9,90.71
SP,Nazare Paulista,815.64,7,116.52
MG,Rio Manso,815.56,5,163.11
RS,Serafina Correa,813.66,9,90.41
AL,Sao Miguel Dos Campos,813.36,2,406.68
SP,Murutinga Do Sul,809.0,2,404.5
SP,Ibira,808.73,7,115.53
PB,Bayeux,808.05,7,115.44
MG,Alvinopolis,807.06,11,73.37
GO,Mozarlandia,806.4,7,115.2
MG,Novo Cruzeiro,805.78,9,89.53
MG,Guaranesia,805.58,9,89.51
RS,Candiota,802.7,4,200.68
MG,Sao Goncalo Do Rio Abaixo,802.2,6,133.7
GO,Santa Rita Do Araguaia,800.25,7,114.32
BA,Canavieiras,799.8,6,133.3
TO,Sandolandia,799.0,1,799.0
BA,Barra Do Choca,799.0,3,266.33
PR,Cidade Gaucha,798.39,5,159.68
RS,Tapes,797.35,6,132.89
BA,Arataca,795.0,1,795.0
SC,Alfredo Wagner,794.8,2,397.4
RS,Rosario Do Sul,793.25,13,61.02
SP,Igarapava,791.09,7,113.01
PI,Regeneracao,790.97,6,131.83
MG,Tres Marias,790.44,12,65.87
ES,Itarana,789.37,3,263.12
CE,Sao Benedito,789.19,4,197.3
GO,Campos Belos,788.0699999999999,7,112.58
RS,Julio De Castilhos,787.54,10,78.75
SP,Echapora,787.47,2,393.74
BA,Ipiau,787.21,8,98.4
PR,Mallet,786.65,6,131.11
SP,Jacupiranga,785.8,5,157.16
SC,Laurentino,782.41,5,156.48
PR,Mambore,780.24,8,97.53
MG,Datas,780.0,1,780.0
RN,Santana Do Serido,779.7,2,389.85
BA,Arraial D'Ajuda,779.42,8,97.43
MA,Icatu,778.0,1,778.0
MA,Alto Parnaiba,777.79,5,155.56
MG,Tarumirim,775.49,4,193.87
RJ,Trajano De Moraes,775.1800000000001,8,96.9
RS,Tres Coroas,774.37,6,129.06
RS,Portao,772.15,10,77.22
SP,Piquete,771.09,9,85.68
SP,Paraiso,770.78,5,154.16
PE,Aguas Belas,769.87,6,128.31
MG,Jaboticatubas,767.3,1,767.3
SP,Guaicara,767.23,8,95.9
BA,Cansancao,766.96,7,109.57
MA,Paco Do Lumiar,766.38,7,109.48
MG,Lima Duarte,764.88,6,127.48
SP,Santa Branca,763.76,9,84.86
PE,Moreno,763.5,5,152.7
PR,Morretes,762.98,4,190.74
MG,Pecanha,762.8,4,190.7
PI,Amarante,760.0,1,760.0
SP,Aracariguama,759.75,10,75.97
PR,Jaguapita,759.05,1,759.05
GO,Guapo,757.89,6,126.32
SP,Avanhandava,757.6800000000001,7,108.24
SC,Sao Joao Do Itaperiu,755.99,1,755.99
MG,Carbonita,755.87,4,188.97
PR,Carlopolis,755.4,6,125.9
MT,Chapada Dos Guimaraes,754.8,4,188.7
GO,Planaltina,754.24,10,75.42
BA,Trancoso,754.2,6,125.7
MG,Arinos,752.07,8,94.01
MS,Amambai,751.98,6,125.33
MT,Alto Taquari,750.88,3,250.29
MG,Matozinhos,750.65,12,62.55
SC,Ilhota,749.14,4,187.28
CE,Varjota,748.97,4,187.24
BA,Tucano,748.69,8,93.59
BA,Sao Felipe,747.9,2,373.95
PE,Lagoa Do Carro,746.77,2,373.38
RS,Getulio Vargas,746.61,8,93.33
ES,Mimoso Do Sul,745.3700000000001,10,74.54
MG,Dores Do Indaia,744.57,7,106.37
MG,Pedralva,743.97,3,247.99
PR,Nova Londrina,743.53,9,82.61
GO,Sao Joao D'Alianca,743.53,3,247.84
PA,Santa Isabel Do Para,741.77,6,123.63
PR,Imbituva,740.6700000000001,8,92.58
ES,Barra De Sao Francisco,740.66,10,74.07
RJ,Santa Isabel Do Rio Preto,739.9,1,739.9
MG,Resplendor,739.06,10,73.91
PR,Salto Do Lontra,738.5,3,246.17
MG,Virgem Da Lapa,737.9,3,245.97
PR,Porecatu,735.4200000000001,9,81.71
MG,Sao Goncalo Do Para,734.9,3,244.97
BA,Itajuipe,734.49,3,244.83
PR,Corbelia,733.8,3,244.6
RJ,Vila Muriqui,731.76,7,104.54
TO,Tocantinopolis,731.65,7,104.52
SC,Seara,730.85,6,121.81
CE,Solonopole,729.89,2,364.94
PR,Floresta,729.79,5,145.96
SP,Cafelandia,729.2,8,91.15
RS,Barros Cassal,729.0,3,243.0
SP,Cananeia,727.6600000000001,8,90.96
MG,Bicas,727.65,7,103.95
SP,Ribeirao Bonito,727.29,7,103.9
ES,Joao Neiva,724.9300000000001,8,90.62
SP,Sabino,723.0,3,241.0
MT,Campo Verde,721.48,9,80.16
SP,Cabreuva,720.6,6,120.1
MT,Colniza,718.97,3,239.66
GO,Piranhas,718.79,4,179.7
BA,Boninal,717.6999999999999,2,358.85
SP,Bananal,716.65,6,119.44
SP,Dumont,714.7,4,178.68
RS,Cerro Largo,712.87,7,101.84
MS,Alcinopolis,711.1600000000001,6,118.53
SC,Vargem Bonita,710.59,5,142.12
SP,Bilac,710.52,8,88.82
MA,Sao Mateus Do Maranhao,710.2,3,236.73
SP,Juquia,710.08,9,78.9
GO,Santa Cruz De Goias,709.0,2,354.5
MA,Arari,708.8,2,354.4
MA,Maioba,708.79,3,236.26
BA,Urandi,707.94,2,353.97
SP,Taguai,707.34,10,70.73
MA,Sao Bernardo,706.79,3,235.6
RO,Espigao Do Oeste,706.6800000000001,6,117.78
GO,Cidade Ocidental,705.38,8,88.17
BA,Ubaira,704.79,6,117.46
PR,Peabiru,704.74,5,140.95
RS,Estacao,704.1,5,140.82
BA,Maracas,703.64,5,140.73
ES,Bom Jesus Do Norte,699.89,4,174.97
RS,Pejucara,699.65,4,174.91
PR,Marmeleiro,698.44,7,99.78
SP,Jacare,695.14,7,99.31
MG,Conceicao Do Para,694.99,3,231.66
RS,Pedro Osorio,692.4499999999999,3,230.82
BA,Morro De Sao Paulo,691.96,1,691.96
BA,Andorinha,691.1,5,138.22
SC,Catanduvas,690.79,6,115.13
MG,Divisa Nova,689.9,1,689.9
MA,Cantanhede,689.0,1,689.0
SC,Guabiruba,688.78,5,137.76
MA,Ze Doca,688.5999999999999,5,137.72
RS,Rio Pardo,687.88,5,137.58
SP,Santa Albertina,686.39,7,98.06
PR,Terra Boa,683.79,4,170.95
MG,Jaiba,683.49,6,113.92
TO,Araguatins,681.98,5,136.4
MG,Tocantins,681.38,6,113.56
ES,Santa Teresa,680.36,9,75.6
MG,Rio Paranaiba,680.27,9,75.59
SC,Abelardo Luz,679.6999999999999,6,113.28
PB,Cuite,678.89,3,226.3
BA,Abrantes,678.0,2,339.0
TO,Lagoa Da Confusao,677.99,4,169.5
PE,Tracunhaem,677.99,2,339.0
SC,Rio Do Campo,674.95,4,168.74
SP,Taquarivai,674.89,3,224.96
SC,Sao Ludgero,673.3199999999999,3,224.44
MG,Brasilia De Minas,671.74,9,74.64
RO,Alta Floresta D'Oeste,669.89,3,223.3
SC,Papanduva,669.41,8,83.68
SP,Catigua,668.57,6,111.43
MS,Mundo Novo,667.99,3,222.66
SC,Palmitos,667.9,5,133.58
PE,Pesqueira,667.79,9,74.2
RN,Itau,666.8,2,333.4
MG,Muzambinho,665.8,9,73.98
MG,Caetanopolis,664.5699999999999,8,83.07
CE,Jaguaribe,663.98,5,132.8
BA,Ruy Barbosa,662.96,7,94.71
PA,Garrafao Do Norte,662.89,3,220.96
MG,Piedade De Caratinga,662.07,7,94.58
GO,Anicuns,661.9300000000001,8,82.74
RO,Jaru,660.59,6,110.1
BA,Medeiros Neto,660.24,7,94.32
MG,Morada Nova De Minas,658.89,3,219.63
MG,Marilac,657.8,1,657.8
PR,Santa Cruz De Monte Castelo,656.23,3,218.74
RS,Cidreira,656.12,5,131.22
BA,Livramento De Nossa Senhora,655.54,5,131.11
MG,Jequeri,655.0,1,655.0
BA,Coribe,654.97,8,81.87
PE,Belem Do Sao Francisco,654.5,2,327.25
SC,Presidente Getulio,654.1800000000001,6,109.03
BA,Itirucu,653.28,3,217.76
MA,Grajau,652.79,5,130.56
PR,Guaraci,651.9,2,325.95
MG,Baldim,650.99,2,325.5
MA,Santa Helena,649.7,3,216.57
MG,Campina Verde,649.48,9,72.16
RJ,Sapucaia,648.74,5,129.75
CE,Acopiara,647.67,7,92.52
MG,Lagoa Formosa,647.5699999999999,7,92.51
RS,Tres Cachoeiras,646.27,7,92.32
SC,Cunha Pora,645.4200000000001,5,129.08
CE,Caninde,645.38,6,107.56
PR,Terra Rica,644.6700000000001,7,92.1
MG,Frei Inocencio,644.29,5,128.86
PR,Munhoz De Melo,643.99,3,214.66
MG,Carmo De Minas,643.96,3,214.65
SP,Cajuru,643.76,9,71.53
MA,Buriticupu,640.77,5,128.15
MA,Esperantinopolis,640.6099999999999,3,213.54
SP,Salto Grande,640.0,1,640.0
SP,Maristela,639.3199999999999,4,159.83
PI,Urucui,638.97,4,159.74
MA,Acailandia,637.8,6,106.3
MG,Jequitiba,636.9,2,318.45
TO,Miranorte,635.9,2,317.95
PR,Itaperucu,635.84,4,158.96
SP,Nova Europa,634.44,8,79.31
BA,Madre De Deus,633.32,7,90.47
RN,Jucurutu,632.98,4,158.24
MG,Conceicao Dos Ouros,632.78,4,158.2
MS,Juti,631.79,4,157.95
PR,Manoel Ribas,631.65,4,157.91
SP,Sao Bento Do Sapucai,630.54,7,90.08
SP,Nhandeara,630.26,8,78.78
MA,Cururupu,629.26,3,209.75
PE,Iati,628.99,3,209.66
PR,Santa Helena,628.15,9,69.79
PR,Santa Fe,627.8,4,156.95
RS,Morro Reuter,627.34,3,209.11
SC,Palmeira,626.9,3,208.97
MA,Viana,622.97,5,124.59
CE,Alto Santo,622.89,3,207.63
CE,Barro,621.89,4,155.47
MS,Camapua,621.29,6,103.55
MG,Belo Oriente,620.39,5,124.08
PR,Perola D'Oeste,619.9,2,309.95
MG,Monte Azul,619.9,5,123.98
BA,Itororo,619.2,2,309.6
RS,Nova Hartz,618.88,3,206.29
SE,Sao Cristovao,618.69,7,88.38
MG,Mario Campos,618.64,3,206.21
BA,Ribeira Do Pombal,618.19,8,77.27
GO,Iaciara,617.99,3,206.0
MA,Maracacume,617.18,4,154.29
BA,Miguel Calmon,616.64,5,123.33
MT,Jauru,613.79,5,122.76
GO,Firminopolis,613.49,7,87.64
RN,Acu,613.08,3,204.36
MS,Bataguassu,613.0,5,122.6
MA,Joao Lisboa,612.89,5,122.58
MG,Nepomuceno,610.94,9,67.88
PR,Ivai,610.7700000000001,2,305.39
GO,Jaragua,610.6700000000001,7,87.24
SE,Graccho Cardoso,610.0,1,610.0
RS,Santo Cristo,609.45,7,87.06
PA,Breves,609.0,1,609.0
MT,Porto Dos Gauchos,609.0,1,609.0
SC,Anitapolis,608.99,2,304.5
SP,Colina,608.68,9,67.63
GO,Bela Vista De Goias,608.66,7,86.95
MG,Juatuba,607.9,4,151.98
PE,Goiana,606.9300000000001,9,67.44
CE,Itaitinga,606.89,4,151.72
SP,Lindoia,606.03,9,67.34
RJ,Avelar,606.0,4,151.5
SP,Lagoinha,605.98,3,201.99
CE,Guaraciaba Do Norte,605.15,4,151.29
PE,Jupi,604.9,2,302.45
BA,Conceicao Da Feira,603.99,2,302.0
MG,Perdoes,603.88,9,67.1
RJ,Comendador Levy Gasparian,603.69,7,86.24
PR,Capanema,602.59,9,66.95
MG,Itambacuri,601.77,6,100.3
PR,Pirai Do Sul,601.29,6,100.21
PI,Matias Olimpio,600.0,1,600.0
SP,Lavrinhas,599.9,1,599.9
PI,Canto Do Buriti,599.5,1,599.5
MG,Campanha,598.79,7,85.54
PR,Vere,598.39,3,199.46
MG,Rio Pardo De Minas,597.69,5,119.54
SC,Pouso Redondo,597.29,3,199.1
RO,Nova Mamore,594.9,2,297.45
SP,Bady Bassitt,594.7,7,84.96
RS,Lavras Do Sul,593.8,3,197.93
BA,Sobradinho,592.69,5,118.54
SP,Fernando Prestes,591.48,6,98.58
SC,Petrolandia,589.85,5,117.97
SP,Paulo De Faria,588.5799999999999,5,117.72
BA,Coronel Joao Sa,587.99,3,196.0
SC,Passo De Torres,587.99,7,84.0
MG,Lagoa Dourada,586.78,5,117.36
CE,Senador Pompeu,585.94,4,146.49
PE,Custodia,584.88,5,116.98
RJ,Raposo,584.7,3,194.9
SP,Morungaba,582.6899999999999,7,83.24
SP,Uchoa,582.64,3,194.21
CE,Marco,582.6,3,194.2
PR,Ubirata,582.1800000000001,7,83.17
SE,Capela,580.9399999999999,3,193.65
SP,Santa Cruz Das Palmeiras,580.59,9,64.51
RS,Vera Cruz,579.98,4,145.0
MG,Medina,579.19,6,96.53
PI,Sao Jose Do Divino,579.0,1,579.0
PE,Jaqueira,578.99,3,193.0
MG,Santa Cruz De Minas,578.89,5,115.78
AL,Tanque D'Arca,578.0,2,289.0
RS,Anta Gorda,577.6999999999999,4,144.42
RS,Horizontina,576.54,7,82.36
PR,Nova Aurora,575.89,3,191.96
MG,Aguas Vermelhas,574.58,3,191.53
RN,Macaiba,574.44,5,114.89
MG,Mateus Leme,574.27,9,63.81
PE,Sirinhaem,571.88,5,114.38
MT,Nova Mutum,571.38,5,114.28
MG,Sapucai-Mirim,569.79,4,142.45
RS,Sao Jeronimo,569.75,7,81.39
SP,Guaranta,569.29,5,113.86
MA,Sao Bento,569.0,2,284.5
AL,Belem,568.99,3,189.66
RJ,Ipiabas,568.87,4,142.22
RS,Soledade,568.79,5,113.76
MG,Alfredo Vasconcelos,567.99,3,189.33
PE,Timbauba,567.67,7,81.1
RJ,Silva Jardim,567.5899999999999,4,141.9
AL,Barra De Santo Antonio,567.0,2,283.5
MG,Arceburgo,566.14,6,94.36
PA,Hidreletrica Tucurui,564.78,3,188.26
RS,Porto Xavier,564.46,5,112.89
MG,Padre Carvalho,563.0,1,563.0
AL,Rio Largo,562.71,6,93.79
PR,Terra Roxa,561.0699999999999,3,187.02
PR,Paulo Frontin,560.9,5,112.18
SC,Campo Ere,560.6,7,80.09
SP,Paranapanema,560.45,11,50.95
MA,Paulino Neves,559.99,1,559.99
PB,Desterro,559.0,1,559.0
SE,Nossa Senhora Das Dores,559.0,1,559.0
RS,Cacequi,558.99,3,186.33
CE,Paraipaba,558.97,5,111.79
RJ,Rio Das Flores,558.68,6,93.11
RS,Irai,557.89,2,278.94
RS,Sao Valentim,557.89,3,185.96
BA,Morro Do Chapeu,557.5699999999999,7,79.65
MG,Ibiai,556.89,3,185.63
GO,Parauna,556.88,4,139.22
PR,Jesuitas,556.55,4,139.14
SP,Rafard,556.4,5,111.28
GO,Castelandia,554.98,5,111.0
RS,Antonio Prado,554.2,5,110.84
RS,Barra Do Ribeiro,553.78,5,110.76
PI,Oeiras,553.44,6,92.24
MA,Itapecuru Mirim,552.97,4,138.24
SP,Rifaina,552.8,2,276.4
BA,Rio Do Pires,552.8,4,138.2
CE,Paracuru,550.89,4,137.72
BA,Uibai,549.98,4,137.5
MT,Nova Bandeirantes,548.51,4,137.13
RS,Sao Jose Do Norte,548.5,7,78.36
BA,Capim Grosso,547.89,5,109.58
SP,Apiai,547.57,6,91.26
PE,Surubim,546.87,5,109.37
GO,Orizona,546.8100000000001,6,91.14
PR,Teixeira Soares,545.69,1,545.69
RS,Sao Sepe,544.35,6,90.72
MG,Jeceaba,544.23,6,90.7
MG,Campos Gerais,544.0600000000001,5,108.81
SP,Cristais Paulista,543.78,4,135.94
RS,Pinheiro Machado,542.89,5,108.58
RS,Roque Gonzales,542.88,5,108.58
SP,Orindiuva,541.78,5,108.36
RJ,Sao Sebastiao Do Paraiba,540.0,1,540.0
MT,Pedra Preta,539.89,4,134.97
RS,Catuipe,539.8,4,134.95
RS,Campo Novo,539.79,2,269.9
PI,Piripiri,537.28,7,76.75
MG,Rio Novo,536.79,4,134.2
BA,Iguai,535.99,2,268.0
PI,Sao Miguel Do Tapuio,534.0,3,178.0
RS,Cristal,533.0,3,177.67
MG,Francisco Sa,532.8,3,177.6
PR,Pitanga,532.7,3,177.57
ES,Rio Novo Do Sul,531.68,6,88.61
SP,Ariranha,531.49,5,106.3
BA,Posto Da Mata,530.98,4,132.74
BA,Cacule,529.78,3,176.59
GO,Vianopolis,529.6700000000001,3,176.56
BA,Tanhacu,528.78,4,132.2
MS,Sao Gabriel Do Oeste,526.72,7,75.25
MG,Canapolis,525.8,5,105.16
PR,Iguaracu,525.7,2,262.85
SP,Eldorado,524.76,6,87.46
PA,Curuca,524.7,3,174.9
PE,Ilha De Itamaraca,524.44,4,131.11
BA,Euclides Da Cunha,524.1800000000001,5,104.84
MG,Guimarania,523.9,4,130.98
MA,Fortuna,523.89,3,174.63
RN,Santa Cruz,522.74,4,130.68
RS,Sao Francisco De Paula,520.79,5,104.16
CE,Horizonte,519.99,5,104.0
AL,Mar Vermelho,519.98,2,259.99
PR,Campina Da Lagoa,519.7,2,259.85
BA,Uaua,519.0,4,129.75
MT,Araputanga,517.45,4,129.36
BA,Ubaitaba,517.23,4,129.31
PE,Gloria Do Goita,516.99,2,258.5
PR,Ivaipora,516.75,7,73.82
BA,Santa Cruz Cabralia,515.88,5,103.18
PE,Arcoverde,515.8,5,103.16
PR,Bela Vista Do Paraiso,515.49,3,171.83
MG,Lajinha,515.0699999999999,3,171.69
MG,Rio Acima,513.66,8,64.21
MG,Rio Piracicaba,512.75,4,128.19
PE,Limoeiro,511.59,7,73.08
SP,Analandia,511.03,4,127.76
PR,Xambre,511.0,2,255.5
TO,Colinas Do Tocantins,510.5,3,170.17
SC,Ipora Do Oeste,509.85,6,84.98
MG,Sao Pedro Dos Ferros,508.89,3,169.63
ES,Conceicao Do Castelo,507.83000000000004,5,101.57
MG,Ibiraci,507.8,4,126.95
MT,Denise,507.0,2,253.5
SP,Valparaiso,506.92,8,63.36
MG,Pote,506.9,3,168.97
MG,Santo Antonio Do Jacinto,505.49,8,63.19
RJ,Tangua,504.88,6,84.15
BA,Milagres,502.53999999999996,2,251.27
MG,Guarara,501.99,2,251.0
MA,Urbano Santos,501.78999999999996,5,100.36
SC,Sao Carlos,500.38,5,100.08
RJ,Cardoso Moreira,500.02,6,83.34
BA,Jiquirica,499.99,1,499.99
SC,Vargeao,499.9,1,499.9
SP,Palestina,499.55,10,49.96
MG,Sao Tiago,499.27,5,99.85
RS,Jaquirana,499.0,1,499.0
PE,Jatoba,498.25,4,124.56
RJ,Carapebus,497.97,4,124.49
PR,Barbosa Ferraz,497.9,3,165.97
PA,Capanema,497.88,4,124.47
CE,Aracoiaba,497.8,3,165.93
MG,Cachoeira De Minas,497.40000000000003,7,71.06
SP,Presidente Bernardes,496.85,6,82.81
BA,Potiragua,495.96999999999997,7,70.85
BA,Ipupiara,495.0,1,495.0
PR,Altonia,494.9,3,164.97
SP,General Salgado,493.59000000000003,6,82.26
PR,Florestopolis,492.70000000000005,3,164.23
PR,Ribeirao Claro,492.69,5,98.54
MG,Matipo,491.19,4,122.8
GO,Nova Aurora,490.0,1,490.0
MG,Caldas,489.70000000000005,5,97.94
RJ,Sao Sebastiao Do Alto,488.98,4,122.24
BA,Una,488.78000000000003,5,97.76
SC,Sao Jose Do Cedro,486.59000000000003,5,97.32
PE,Barra De Guabiraba,486.4,2,243.2
MG,Pirapetinga,486.39,7,69.48
ES,Muqui,485.48,4,121.37
SE,Barra Dos Coqueiros,484.82,3,161.61
BA,Piritiba,484.69,6,80.78
SE,Propria,483.89,4,120.97
RJ,Quatis,483.69,5,96.74
MG,Teixeiras,483.58,6,80.6
PA,Carajas,483.22,4,120.8
RS,Tenente Portela,482.79,3,160.93
MA,Pindare Mirim,481.9,3,160.63
MG,Carai,481.87,6,80.31
PA,Breu Branco,481.74,3,160.58
MG,Pedrinopolis,481.01,3,160.34
PE,Feira Nova,480.78,5,96.16
MA,Pio Xii,479.99,1,479.99
CE,Penaforte,479.89,2,239.94
SP,Itapirapua Paulista,479.79999999999995,2,239.9
SP,Guaraci,479.79999999999995,2,239.9
BA,Cachoeira,479.79,4,119.95
BA,Itarantim,478.97,3,159.66
MG,Alto Caparao,478.9,2,239.45
RJ,Sao Jose De Uba,478.89,3,159.63
GO,Itapuranga,478.79,6,79.8
AL,Colonia Leopoldina,477.98,2,238.99
CE,Carius,477.88,3,159.29
PE,Bom Jardim,477.7,2,238.85
SC,Maravilha,477.27,8,59.66
PE,Amaraji,476.89,2,238.44
PB,Paulista,475.6,1,475.6
PR,Paula Freitas,474.9,1,474.9
MG,Sao Joao Do Manteninha,474.89,3,158.3
GO,Edeia,472.9,4,118.22
SP,Itobi,472.68,7,67.53
RN,Santo Antonio,471.8,1,471.8
SC,Rio Fortuna,469.39,3,156.46
GO,Alexania,466.67,5,93.33
MS,Bela Vista,466.38,3,155.46
RO,Rolim De Moura,465.05,7,66.44
RN,Nova Cruz,462.88,3,154.29
PR,Rio Bonito Do Iguacu,462.8,4,115.7
PR,Areia Branca Dos Assis,462.54,3,154.18
MG,Santa Maria De Itabira,462.3,4,115.58
MG,Sao Joao Da Ponte,461.84,1,461.84
SP,Pedra Bela,460.9,3,153.63
CE,Granja,460.68,5,92.14
RS,Nova Petropolis,459.89,8,57.49
GO,Itapirapua,459.79999999999995,2,229.9
MG,Carmo Da Mata,459.7,6,76.62
SP,Tupi Paulista,459.41,6,76.57
MG,Tumiritinga,459.0,1,459.0
SP,Magda,458.99,2,229.5
MG,Cabo Verde,458.78999999999996,3,152.93
SP,Cedral,458.34000000000003,6,76.39
CE,Trairi,457.0,2,228.5
MG,Congonhal,455.84000000000003,4,113.96
MG,Santa Maria Do Suacui,454.9,2,227.45
PE,Floresta,454.58,6,75.76
RS,Entre-Ijuis,454.5,3,151.5
MG,Caputira,454.28,2,227.14
CE,Icapui,454.25,5,90.85
CE,Caririacu,454.0,2,227.0
MG,Conquista,453.88,6,75.65
RS,Sananduva,453.77,6,75.63
SP,Ribeirao Branco,452.99,2,226.5
SC,Praia Grande,452.74,4,113.18
RS,Dom Feliciano,452.05,5,90.41
BA,Fatima,451.9,2,225.95
GO,Cachoeira Alta,451.76,6,75.29
GO,Rianapolis,451.68,4,112.92
PA,Vila Dos Cabanos,451.23,4,112.81
CE,Boa Viagem,450.99,3,150.33
MA,Tutoia,449.89,2,224.94
MT,Dom Aquino,449.8,3,149.93
BA,Pintadas,449.79999999999995,2,224.9
RJ,Engenheiro Paulo De Frontin,449.12,6,74.85
MG,Itueta,448.89,2,224.44
BA,Mutuipe,448.79,4,112.2
CE,Baturite,447.97,3,149.32
SE,Poco Verde,447.8,4,111.95
RN,Jardim Do Serido,445.9,3,148.63
PE,Sao Jose Do Egito,444.70000000000005,4,111.18
SP,Quadra,443.9,3,147.97
GO,Bonfinopolis,441.87,2,220.94
SP,Areias,441.86,3,147.29
MG,Limeira Do Oeste,441.7,2,220.85
PB,Solanea,440.0,1,440.0
PB,Rio Tinto,439.9,2,219.95
ES,Marechal Floriano,439.64,4,109.91
SP,Dobrada,437.5,2,218.75
RO,Ouro Preto Do Oeste,437.49,4,109.37
MG,Inhapim,436.35,7,62.34
RS,Palmares Do Sul,435.77000000000004,5,87.15
SC,Corupa,434.65,4,108.66
ES,Apiaca,434.28,6,72.38
MG,Minas Novas,433.77,4,108.44
PR,Bituruna,433.38,5,86.68
PR,Cambira,432.0,2,216.0
AL,Pindoba,432.0,2,216.0
PR,Vera Cruz Do Oeste,431.56,3,143.85
PR,Kalore,429.99,2,215.0
RS,Boa Vista Do Cadeado,429.98,1,429.98
PR,Araruna,429.97,4,107.49
RS,Montauri,429.89,2,214.94
MG,Ipiacu,429.88,3,143.29
MA,Carolina,429.79999999999995,2,214.9
BA,Arembepe,429.7,2,214.85
DF,Taguatinga,429.1,4,107.28
CE,Aquiraz,428.99,2,214.5
RS,Nova Palma,428.9,2,214.45
PE,Serrita,428.9,2,214.45
MG,Cachoeira De Pajeu,428.8,3,142.93
SC,Dionisio Cerqueira,428.0,3,142.67
MS,Bodoquena,428.0,2,214.0
PE,Sao Joao,427.0,1,427.0
SP,Ibirarema,426.88,5,85.38
MA,Pinheiro,426.8,4,106.7
MG,Santa Rita De Caldas,426.78,5,85.36
BA,Ibicarai,424.88,5,84.98
MA,Alcantara,424.8,1,424.8
PR,Sao Pedro Do Ivai,424.74,3,141.58
SC,Ponte Serrada,423.9,3,141.3
MG,Gameleiras,423.89,3,141.3
BA,Itabela,423.89,4,105.97
MG,Luminarias,423.8,3,141.27
ES,Mantenopolis,423.78999999999996,4,105.95
MG,Sao Geraldo,423.78,4,105.94
SP,Roseira,423.68,5,84.74
SC,Nova Veneza,422.89,3,140.96
SP,Torrinha,422.67,6,70.45
PI,Castelo Do Piaui,422.6,2,211.3
SP,Pedrinhas Paulista,420.87,4,105.22
MG,Maravilhas,420.81,4,105.2
CE,Sao Goncalo Do Amarante,420.77,5,84.15
SE,Pinhao,420.0,1,420.0
BA,Nazare,419.84000000000003,3,139.95
SE,Poco Redondo,419.8,1,419.8
GO,Sanclerlandia,419.79,4,104.95
MT,Cocalinho,418.87,4,104.72
SC,Salto Veloso,418.8,4,104.7
MG,Cristalia,418.70000000000005,3,139.57
PR,Rio Branco Do Sul,418.57,6,69.76
MT,Alto Boa Vista,418.0,5,83.6
BA,Gandu,417.7,4,104.42
PE,Caraiba,416.89,2,208.44
BA,Baianopolis,416.3,2,208.15
MG,Palma,415.89,4,103.97
MG,Martinho Campos,415.2,2,207.6
MG,Bandeira Do Sul,414.9,2,207.45
MG,Irai De Minas,414.89,2,207.44
PI,Esperantina,414.65999999999997,4,103.66
RJ,Travessao,414.09000000000003,4,103.52
ES,Arace,413.4,4,103.35
MG,Presidente Olegario,412.91,6,68.82
PE,Santa Maria Da Boa Vista,412.08,2,206.04
PR,Alto Piquiri,412.0,1,412.0
PR,Astorga,411.77,7,58.82
ES,Dores Do Rio Preto,411.76,4,102.94
RS,Sao Jose Do Ouro,411.38,5,82.28
PI,Bertolinia,411.0,1,411.0
PE,Brejo Da Madre De Deus,410.8,4,102.7
BA,Lagoa Real,410.0,1,410.0
MT,Porto Alegre Do Norte,410.0,1,410.0
AC,Senador Guiomard,409.98,2,204.99
BA,Jucurucu,409.98,2,204.99
RS,Aurea,409.5,2,204.75
MG,Rodeiro,409.4,3,136.47
SC,Mondai,409.0,2,204.5
PI,Eliseu Martins,408.98,4,102.24
SP,Narandiba,408.97999999999996,2,204.49
SP,Santa Cruz Da Conceicao,408.9,4,102.22
MT,Terra Nova Do Norte,408.8,3,136.27
RN,Portalegre,408.8,2,204.4
MG,Martins Soares,408.78999999999996,6,68.13
PR,Japura,408.5,5,81.7
PA,Bom Jesus Do Tocantins,407.9,3,135.97
SP,Joao Ramalho,407.89,3,135.96
PR,Capitao Leonidas Marques,407.78,5,81.56
BA,Paramirim,407.67999999999995,5,81.54
ES,Itaipava,406.84,4,101.71
SP,Silveiras,406.5,3,135.5
RJ,Glicerio,405.99,2,203.0
PA,Capitao Poco,405.38,3,135.13
GO,Pontalina,405.0,2,202.5
ES,Itaoca,404.9,2,202.45
RS,Sao Paulo Das Missoes,404.87,2,202.44
SP,Panorama,404.39,5,80.88
MG,Jacui,403.74,4,100.94
RO,Nova Brasilandia D'Oeste,402.79999999999995,2,201.4
SC,Lontras,402.5,3,134.17
MG,Bom Repouso,402.29,4,100.57
PR,Cruz Machado,401.87,2,200.94
SP,Guaracai,401.49,4,100.37
PR,General Carneiro,401.48,5,80.3
PE,Nossa Senhora Do O,401.0,2,200.5
SP,Brauna,400.78999999999996,5,80.16
PE,Ipubi,400.47,3,133.49
PB,Barra De Santa Rosa,400.4,2,200.2
BA,Sao Sebastiao Do Passe,399.89,5,79.98
RS,Mata,399.85,1,399.85
RO,Sao Miguel Do Guapore,399.44,4,99.86
SP,Embauba,399.0,1,399.0
BA,Ibitira,399.0,1,399.0
PA,Itupiranga,399.0,1,399.0
RN,Sao Miguel Do Gostoso,398.9,2,199.45
PR,Nova Santa Rosa,398.88,4,99.72
SP,Riolandia,398.79999999999995,3,132.93
BA,Ituacu,398.5,3,132.83
SP,Clementina,397.54,4,99.38
RO,Machadinho D'Oeste,396.98,3,132.33
BA,Candido Sales,396.78999999999996,3,132.26
SP,Elias Fausto,396.4,5,79.28
RO,Seringueiras,395.99,2,198.0
RS,Erval Grande,395.9,2,197.95
BA,Utinga,395.78000000000003,4,98.94
MA,Capinzal Do Norte,395.0,2,197.5
PE,Itambe,394.78000000000003,4,98.7
RS,Santo Antonio Das Missoes,393.89,4,98.47
MT,Guaranta Do Norte,393.87,5,78.77
MG,Perdigao,393.49,7,56.21
SC,Balneario Rincao,393.0,3,131.0
MG,Piedade Dos Gerais,392.88,3,130.96
PA,Cameta,392.8,4,98.2
CE,Jardim,392.65,2,196.32
MG,Dom Silverio,392.24,4,98.06
MG,Chapada Gaucha,391.69,4,97.92
PR,Diamante Do Norte,391.25,5,78.25
PR,Carambei,390.8,3,130.27
BA,Iraquara,390.79999999999995,5,78.16
CE,Amanari,390.0,1,390.0
SC,Governador Celso Ramos,389.97,3,129.99
PR,Alto Parana,389.9,2,194.95
SP,Tabatinga,389.69,5,77.94
SP,Severinia,389.63,4,97.41
MG,Confins,389.0,1,389.0
PB,Pitimbu,388.9,1,388.9
MG,Sao Felix De Minas,388.9,1,388.9
CE,Ipaporanga,388.9,2,194.45
SP,Santa Lucia,388.89,3,129.63
MG,Sao Romao,388.49,5,77.7
GO,Agua Limpa,388.0,1,388.0
PR,Florai,387.39,2,193.7
RS,Nova Bassano,387.24,4,96.81
MG,Capitolio,386.89,5,77.38
MT,Diamantino,386.49,7,55.21
BA,Rio Real,386.0,3,128.67
PR,Guaraniacu,385.96999999999997,5,77.19
GO,Campos Verdes,385.6,1,385.6
AP,Oiapoque,385.0,1,385.0
GO,Vicentinopolis,384.79999999999995,2,192.4
MG,Munhoz,384.67,4,96.17
MT,Reserva Do Cabacal,383.9,2,191.95
PR,Rio Azul,383.7,5,76.74
MG,Iapu,383.15,4,95.79
SC,Ibiam,382.99,4,95.75
PR,Ceu Azul,382.56,7,54.65
RJ,Rio Claro,380.98,3,126.99
MG,Tiradentes,380.96000000000004,3,126.99
MS,Nova Alvorada Do Sul,380.85,3,126.95
MG,Juruaia,380.78000000000003,6,63.46
MG,Virgolandia,380.0,2,190.0
SP,Irape,379.98,2,189.99
AL,Anadia,379.89,2,189.94
CE,Ipu,379.88,4,94.97
SC,Balneario Arroio Do Silva,379.88,4,94.97
BA,Bonito,378.8,2,189.4
MG,Manga,378.8,3,126.27
RS,Tupancireta,378.77,4,94.69
MT,Juara,378.49,5,75.7
PB,Alhandra,378.0,1,378.0
MG,Cruzilia,377.9,4,94.48
RN,Apodi,377.89,3,125.96
SP,Sud Mennucci,377.87,5,75.57
SP,Colombia,377.72,5,75.54
GO,Joviania,376.97,5,75.39
MG,Santo Antonio Do Amparo,376.72,4,94.18
MA,Cidelandia,375.96,1,375.96
RS,Tucunduva,374.99,3,125.0
PE,Passira,374.98,1,374.98
MG,Chapada Do Norte,373.9,2,186.95
SP,Adolfo,373.8,5,74.76
MG,Campos Altos,373.68,5,74.74
MG,Mendes Pimentel,372.69,5,74.54
MS,Ladario,372.59000000000003,5,74.52
BA,Amelia Rodrigues,372.39,3,124.13
SP,Valentim Gentil,372.03000000000003,3,124.01
RS,Cambara Do Sul,372.0,1,372.0
SC,Aurora,371.9,2,185.95
BA,Serrolandia,371.9,3,123.97
BA,Caldas Do Jorro,370.0,1,370.0
TO,Bandeirantes Do Tocantins,369.98,2,184.99
GO,Indiara,369.90999999999997,4,92.48
BA,Remanso,369.69,5,73.94
CE,Altaneira,369.6,2,184.8
MG,Pingo-D'Agua,369.48,1,369.48
PE,Inaja,369.4,2,184.7
PR,Centenario Do Sul,369.13,4,92.28
PR,Quitandinha,368.9,2,184.45
SP,Pindorama,368.9,2,184.45
AL,Paulo Jacinto,368.89,2,184.44
BA,Itambe,368.6,3,122.87
GO,Sao Simao,368.6,4,92.15
TO,Conceicao Do Tocantins,367.97,3,122.66
CE,Aurora,367.69,3,122.56
MG,Santa Rita De Minas,367.67,3,122.56
MG,Francisco Badaro,367.46,3,122.49
PE,Canhotinho,367.0,2,183.5
ES,Agua Doce Do Norte,365.48,4,91.37
PR,Santa Tereza Do Oeste,364.9,3,121.63
MG,Guidoval,364.9,2,182.45
SC,Rio Do Oeste,364.89,3,121.63
PI,Pedro Ii,364.79999999999995,2,182.4
RJ,Santanesia,364.5,4,91.12
MG,Itau De Minas,364.45,5,72.89
RN,Acari,364.0,1,364.0
PE,Altinho,363.79999999999995,2,181.9
PR,Japira,363.79,3,121.26
ES,Pedro Canario,363.78999999999996,5,72.76
MG,Itinga,363.5,3,121.17
RS,Maximiliano De Almeida,363.49,3,121.16
MG,Madre De Deus De Minas,362.96,3,120.99
PE,Camocim De Sao Felix,362.9,2,181.45
MG,Santa Margarida,362.9,2,181.45
MG,Piedade Do Rio Grande,362.78,3,120.93
PR,Maripa,361.96999999999997,3,120.66
MA,Barreirinhas,361.42,4,90.36
PR,Reboucas,361.27,6,60.21
AL,Junqueiro,360.89,2,180.44
PR,Candido De Abreu,360.8,4,90.2
BA,Ponto Novo,360.0,1,360.0
RO,Alvorada D'Oeste,359.98,1,359.98
MG,Sao Joao Batista Do Gloria,359.6,3,119.87
CE,Chorozinho,359.0,1,359.0
CE,Guaiuba,359.0,1,359.0
MG,Abadia Dos Dourados,358.9,3,119.63
SC,Palma Sola,358.9,3,119.63
MG,Iguatama,358.9,4,89.72
MG,Taquaracu De Minas,358.0,2,179.0
SP,Alvaro De Carvalho,358.0,2,179.0
PE,Afranio,357.9,2,178.95
SP,Ribeirao Do Sul,357.9,3,119.3
RS,Caibate,357.88,2,178.94
MT,Peixoto De Azevedo,357.7,4,89.42
BA,Morpara,357.12,2,178.56
MG,Goncalves,356.9,3,118.97
SP,Indiapora,356.67,3,118.89
SP,Sales,356.52,5,71.3
BA,Caravelas,356.4,3,118.8
PR,Tapejara,355.9,2,177.95
TO,Taguatinga,355.79,3,118.6
SC,Tangara,354.9,1,354.9
RS,Jari,354.8,4,88.7
BA,Caldeirao Grande,354.8,3,118.27
RS,Redentora,354.59000000000003,3,118.2
SP,Florida Paulista,353.79,4,88.45
PR,Planalto,353.7,4,88.42
SP,Quintana,353.0,4,88.25
CE,Sucesso,352.9,3,117.63
PA,Rio Maria,352.88,3,117.63
GO,Caiaponia,352.78,4,88.2
PR,Sao Jorge Do Ivai,352.52,1,352.52
MG,Montalvania,352.2,3,117.4
RS,Capela De Santana,352.0,2,176.0
SP,Itapura,351.87,6,58.64
MG,Serra Dos Aimores,351.81999999999994,5,70.36
SP,Tres Fronteiras,350.39,5,70.08
BA,Ibipitanga,349.98,2,174.99
RS,Boa Vista Das Missoes,349.9,1,349.9
MA,Bequimao,349.9,1,349.9
AL,Paripueira,349.9,1,349.9
AL,Marechal Deodoro,349.9,1,349.9
TO,Natividade,349.9,1,349.9
RJ,Governador Portela,349.8,4,87.45
CE,Arneiroz,349.6,2,174.8
MG,Sao Joao Do Paraiso,349.5,4,87.38
SP,Taciba,348.98,2,174.49
BA,Carinhanha,348.9,2,174.45
PR,Tomazina,348.8,3,116.27
CE,Forquilha,348.47,4,87.12
ES,Sao Roque Do Canaa,348.0,5,69.6
PA,Augusto Correa,347.99,3,116.0
SC,Massaranduba,347.86,3,115.95
MG,Bandeira,347.71,3,115.9
SP,Moncoes,346.98,2,173.49
MA,Governador Eugenio Barros,346.32,1,346.32
MG,Pedra Azul,346.12,4,86.53
MG,Serrania,345.89,2,172.94
PR,Moreira Sales,345.67,3,115.22
SP,Arandu,345.5,4,86.38
GO,Ouvidor,345.0,1,345.0
CE,Aratuba,343.9,2,171.95
SP,Indiana,343.89,3,114.63
PA,Dom Eliseu,343.87,5,68.77
SP,Pongai,343.8,4,85.95
SP,Timburi,343.3,3,114.43
PE,Sertania,343.29,4,85.82
MG,Monte Verde,343.1,3,114.37
SC,Ascurra,342.6,4,85.65
PB,Imaculada,340.89,3,113.63
MG,Cambuquira,340.76,5,68.15
BA,Iacu,340.7,4,85.18
RS,Santa Clara Do Sul,339.99,2,170.0
CE,Pacuja,339.95000000000005,1,339.95
GO,Nova Veneza,339.95,4,84.99
CE,Apuiares,339.89,2,169.94
MG,Itacarambi,339.79,3,113.26
MT,Nova Lacerda,339.74,1,339.74
RN,Carnaubais,339.0,2,169.5
MG,Prudente De Morais,338.99,3,113.0
MG,Coroaci,338.9,2,169.45
RJ,Tocos,338.9,2,169.45
PR,Jundiai Do Sul,337.97,3,112.66
MG,Sao Domingos Do Prata,337.89,4,84.47
SP,Jumirim,337.6,3,112.53
RS,Arroio Grande,336.77,3,112.26
SP,Tejupa,335.18,3,111.73
GO,Palmeiras De Goias,334.8,3,111.6
SP,Macedonia,334.21000000000004,4,83.55
CE,Milagres,334.0,2,167.0
SP,Glicerio,333.99,2,167.0
MA,Dom Pedro,333.77,3,111.26
AL,Satuba,333.73,2,166.86
TO,Xambioa,333.67999999999995,3,111.23
PR,Santa Monica,332.88,2,166.44
SC,Guaruja Do Sul,331.44,4,82.86
PE,Cumaru,330.99,2,165.5
PR,Pien,330.4,4,82.6
RS,Constantina,330.0,1,330.0
PB,Belem,330.0,1,330.0
CE,Monsenhor Tabosa,329.8,3,109.93
BA,Tanque Novo,329.59000000000003,3,109.86
SP,Iacanga,329.39,6,54.9
SP,Jambeiro,329.26,4,82.32
RS,Hulha Negra,329.0,1,329.0
PI,Uniao,329.0,1,329.0
MT,Arenapolis,328.85,2,164.42
MG,Sao Goncalo Do Rio Preto,328.19,3,109.4
PA,Nova Ipixuna,328.0,1,328.0
PR,Ribeirao Do Pinhal,328.0,5,65.6
MG,Jesuania,327.98,5,65.6
SP,Bento De Abreu,327.98,2,163.99
SP,Lavinia,326.8,4,81.7
RN,Pendencias,326.5,2,163.25
SP,Terra Roxa,325.88,2,162.94
RN,Goianinha,325.3,3,108.43
BA,Botupora,325.0,1,325.0
CE,Jucas,325.0,1,325.0
MG,Vieiras,325.0,1,325.0
BA,Pedrao,325.0,1,325.0
RN,Montanhas,325.0,1,325.0
MG,Tabuleiro,324.89,2,162.44
SP,Arapei,324.89,2,162.44
MT,Campinapolis,324.86,3,108.29
BA,Barra Do Mendes,323.99,3,108.0
RS,Sobradinho,323.9,3,107.97
AL,Porto Calvo,323.39,2,161.7
RS,Sao Jose Do Hortencio,322.89,2,161.44
BA,Cordeiros,322.75,1,322.75
MG,Campestre,321.7,3,107.23
MS,Rio Negro,319.9,1,319.9
MA,Sucupira Do Norte,319.9,2,159.95
MT,Juruena,319.9,3,106.63
PR,Santa Izabel Do Oeste,319.89,2,159.94
AL,Igaci,319.89,2,159.94
GO,Fazenda Nova,319.79,4,79.95
MG,Carmo Da Cachoeira,319.44,4,79.86
SP,Palmeira D'Oeste,319.18,5,63.84
AP,Laranjal Do Jari,318.8,2,159.4
PR,Joaquim Tavora,317.98,3,105.99
SC,Ita,317.89,3,105.96
MG,Tombos,317.78999999999996,4,79.45
MG,Rio Casca,317.43,5,63.49
ES,Sooretama,317.35999999999996,5,63.47
BA,Serra Do Ramalho,317.09,4,79.27
MG,Sabinopolis,317.08000000000004,5,63.42
MG,Dona Euzebia,316.89,2,158.44
PE,Ribeirao,316.4,4,79.1
MG,Piranga,316.19,4,79.05
GO,Itapaci,315.8,4,78.95
ES,Iconha,315.74,5,63.15
MA,Bacuri,315.42,3,105.14
SC,Tunapolis,315.39,1,315.39
TO,Sitio Novo Do Tocantins,314.9,2,157.45
BA,Monte Gordo,314.9,2,157.45
MG,Belo Vale,313.8,3,104.6
MG,Conceicao Das Pedras,313.59,4,78.4
MA,Olho D'Agua Das Cunhas,312.99,2,156.5
SC,Rancho Queimado,312.89,2,156.44
BA,Itatim,312.69,3,104.23
PR,Santa Mariana,311.25,4,77.81
SP,Sao Jose Da Bela Vista,310.84000000000003,3,103.61
MA,Sao Pedro Da Agua Branca,309.9,1,309.9
AL,Feliz Deserto,309.89,2,154.94
MG,Sao Tomas De Aquino,309.8,3,103.27
PE,Tuparetama,309.8,3,103.27
SC,Monte Carlo,309.5,3,103.17
RS,Sertao,309.49,3,103.16
BA,Vereda,309.4,2,154.7
PR,Mariluz,308.99,2,154.5
BA,Pocoes,308.99,2,154.5
BA,Curaca,308.9,3,102.97
SC,Nova Itaberaba,308.89,2,154.44
PR,Reserva,308.6,3,102.87
MG,Itanhomi,308.55,4,77.14
MG,Volta Grande,308.38,4,77.1
SP,Ouro Verde,307.96999999999997,3,102.66
ES,Conceicao Da Barra,306.87,3,102.29
GO,Mundo Novo,306.0,2,153.0
RS,Sao Martinho,305.99,1,305.99
PE,Lagoa Do Ouro,305.9,2,152.95
RS,Imigrante,305.9,3,101.97
MA,Estreito,305.89,3,101.96
SC,Saudades,305.84,4,76.46
SC,Urubici,305.69,3,101.9
MG,Maria Da Fe,305.55,3,101.85
RN,Ceara-Mirim,305.46000000000004,2,152.73
SP,Inubia Paulista,304.98,3,101.66
PA,Brasil Novo,304.9,3,101.63
PA,Bonito,304.9,2,152.45
SC,Anchieta,302.70000000000005,3,100.9
MT,Claudia,302.68,4,75.67
SP,Oscar Bressane,301.8,3,100.6
PA,Viseu,301.0,1,301.0
RJ,Werneck,299.99,1,299.99
MA,Centro Novo Do Maranhao,299.99,1,299.99
PE,Pocao,299.99,1,299.99
MT,Ribeiraozinho,299.98,2,149.99
RN,Almino Afonso,299.9,1,299.9
SC,Sideropolis,299.70000000000005,4,74.93
MG,Florestal,299.5,3,99.83
BA,Ibicoara,299.2,3,99.73
PR,Porto Rico,299.0,1,299.0
MG,Pains,298.33,3,99.44
MG,Senador Cortes,298.0,1,298.0
MT,Sao Jose Do Rio Claro,298.0,2,149.0
MG,Coluna,297.88,3,99.29
SC,Tres Barras,297.34000000000003,5,59.47
PI,Gilbues,296.0,1,296.0
PE,Camutanga,295.8,3,98.6
PR,Curiuva,295.7,4,73.92
PB,Bananeiras,295.24,5,59.05
PR,Colonia Vitoria,294.91,5,58.98
PE,Oroco,294.9,3,98.3
PE,Ibimirim,294.79,3,98.26
PR,Angulo,294.7,3,98.23
MG,Carneirinho,294.5,3,98.17
SC,Irani,294.39,4,73.6
MG,Verissimo,294.12,3,98.04
BA,Santa Ines,293.9,3,97.97
SP,Barra Do Turvo,293.9,3,97.97
PR,Tibagi,293.77,4,73.44
RS,Planalto,292.99,3,97.66
MT,Novo Sao Joaquim,292.6,3,97.53
SP,Cruzalia,292.4,3,97.47
GO,Americano Do Brasil,291.49,3,97.16
PE,Itapissuma,290.8,3,96.93
SC,Aguas Frias,290.0,1,290.0
SP,Guariroba,289.99,2,145.0
SC,Agua Doce,289.98,1,289.98
PR,Diamante D'Oeste,289.9,1,289.9
RS,Vila Flores,289.89,3,96.63
CE,Maranguape,289.87,3,96.62
SP,Iepe,289.58,5,57.92
RN,Sao Jose Do Campestre,289.0,1,289.0
SE,Pirambu,289.0,1,289.0
MA,Cajari,289.0,1,289.0
BA,Taboquinhas,289.0,1,289.0
MG,Laranjal,289.0,1,289.0
BA,Wanderley,288.98,2,144.49
AC,Xapuri,288.93,2,144.46
SP,Rechan,288.8,2,144.4
MG,Ubaporanga,288.78,3,96.26
SP,Canitar,287.25,2,143.62
BA,Santa Teresinha,287.0,2,143.5
MG,Sao Pedro Da Uniao,286.89,3,95.63
RS,Tupandi,285.99,3,95.33
CE,Pereiro,285.89,3,95.3
AM,Humaita,285.85,4,71.46
PR,Congonhinhas,285.70000000000005,2,142.85
PB,Santa Luzia,285.3,5,57.06
RS,Arroio Do Tigre,285.0,2,142.5
RO,Sao Francisco Do Guapore,284.9,2,142.45
RJ,Monnerat,284.84000000000003,2,142.42
PB,Coremas,284.69000000000005,3,94.9
SP,Sales Oliveira,284.15,5,56.83
ES,Jeronimo Monteiro,284.0,2,142.0
MG,Riacho Dos Machados,284.0,3,94.67
SP,Motuca,283.9,3,94.63
PR,Urai,283.9,3,94.63
SC,Balneario Barra Do Sul,283.4,3,94.47
GO,Leopoldo De Bulhoes,283.02,1,283.02
MG,Porteirinha,282.69000000000005,5,56.54
SC,Balneario Gaivota,282.3,3,94.1
MG,Antonio Prado De Minas,282.0,3,94.0
MG,Abre Campo,281.68,5,56.34
SC,Ipumirim,281.41,5,56.28
MG,Aiuruoca,281.09,4,70.27
PE,Itapetim,280.8,2,140.4
SP,Santo Expedito,280.0,1,280.0
SC,Nossa Senhora De Caravaggio,280.0,2,140.0
TO,Novo Alegre,279.99,1,279.99
MA,Porto Franco,279.99,2,140.0
MG,Sao Joao Do Oriente,279.9,2,139.95
BA,Coracao De Maria,279.9,1,279.9
SP,Americo De Campos,279.9,1,279.9
BA,Bom Jesus Da Serra,279.89,2,139.94
BA,Pilao Arcado,279.87,4,69.97
RS,Formigueiro,279.8,2,139.9
PR,Renascenca,279.6,4,69.9
MG,Medeiros,279.49,2,139.74
RO,Candeias Do Jamari,279.0,1,279.0
MS,Paranhos,279.0,1,279.0
PR,Santa Terezinha De Itaipu,278.99,2,139.5
ES,Vargem Alta,278.89,5,55.78
RS,Ibiaca,278.89,2,139.44
SC,Sao Jose Do Cerrito,278.89,3,92.96
SC,Ouro,278.79,1,278.79
MG,Campanario,278.7,2,139.35
MG,Cassia,278.29,6,46.38
PB,Ibiara,278.0,1,278.0
MG,Sao Sebastiao Do Rio Verde,278.0,1,278.0
BA,Ibiraja,277.95,2,138.98
GO,Doverlandia,277.91999999999996,2,138.96
RS,Gaurama,277.88,3,92.63
BA,Araci,277.87,3,92.62
RS,Pantano Grande,277.8,2,138.9
BA,Sao Francisco Do Conde,276.8,3,92.27
MG,Ribeirao Vermelho,275.70000000000005,2,137.85
MG,Itapeva,275.7,5,55.14
SP,Aguas De Sao Pedro,274.99,2,137.5
PR,Serranopolis Do Iguacu,274.89,2,137.44
BA,Santaluz,274.89,3,91.63
PR,Ivate,273.98,3,91.33
GO,Pirenopolis,273.87,4,68.47
MS,Miranda,273.8,4,68.45
SP,Vista Alegre Do Alto,272.99,3,91.0
MS,Itaquirai,272.9,2,136.45
BA,Barra Do Tarrachil,272.9,3,90.97
BA,Itiuba,272.89,4,68.22
SP,Pardinho,272.8,1,272.8
PR,Perola,272.74,2,136.37
SC,Chapadao Do Lageado,272.70000000000005,1,272.7
MG,Dom Vicoso,272.3,2,136.15
RS,Palmitinho,271.69,5,54.34
SP,Santo Antonio Do Jardim,271.02,5,54.2
MA,Magalhaes De Almeida,270.9,1,270.9
TO,Cariri Do Tocantins,270.89,2,135.44
MG,Vargem Grande Do Rio Pardo,270.0,1,270.0
MG,Santana Da Vargem,269.95,4,67.49
PB,Livramento,269.9,1,269.9
PR,Itambe,269.9,1,269.9
BA,Angical,269.9,1,269.9
PB,Alagoinha,269.9,2,134.95
CE,Ipaumirim,269.9,1,269.9
PR,Itambaraca,269.8,2,134.9
MG,Papagaios,269.67,4,67.42
BA,Itamari,268.98,3,89.66
PB,Frei Martinho,268.9,2,134.45
PI,Buriti Dos Lopes,268.9,2,134.45
CE,Araripe,268.6,2,134.3
PE,Vicencia,268.0,2,134.0
RS,Monte Alverne,268.0,1,268.0
SC,Jabora,267.9,2,133.95
PE,Pedra,267.68,3,89.23
PR,Senges,267.59000000000003,4,66.9
MG,Inimutaba,266.7,2,133.35
SP,Arealva,266.68,4,66.67
ES,Alto Rio Novo,266.5,2,133.25
PR,Janiopolis,265.97,3,88.66
MG,Cabeceira Grande,265.89,3,88.63
MG,Setubinha,265.89,3,88.63
GO,Maurilandia,265.63,4,66.41
MG,Itapagipe,265.49,5,53.1
MG,Recreio,264.98,3,88.33
MG,Romaria,264.9,2,132.45
RN,Sao Vicente,264.89,2,132.44
SC,Sangao,264.79,3,88.26
PB,Mari,264.55,3,88.18
SC,Atalanta,263.99,1,263.99
PE,Santa Cruz,263.9,2,131.95
PB,Itaporanga,263.8,2,131.9
PR,Saudade Do Iguacu,263.79,4,65.95
PR,Sao Joao Do Triunfo,263.72,3,87.91
PR,Rondon,262.98,2,131.49
CE,Abaiara,262.9,2,131.45
MT,Vera,262.79,3,87.6
PR,Indianopolis,262.79,4,65.7
RS,Arvorezinha,262.5,4,65.62
RS,Nova Alvorada,261.8,3,87.27
RS,Capao Do Cipo,260.0,3,86.67
MT,Feliz Natal,259.99,1,259.99
AL,Uniao Dos Palmares,259.99,1,259.99
MG,Novo Oriente De Minas,259.99,1,259.99
SP,Trabiju,259.99,1,259.99
MG,Goiabeira,259.98,2,129.99
MA,Paraibano,259.90999999999997,3,86.64
PE,Santa Terezinha,259.9,1,259.9
PR,Salto Do Itarare,259.9,1,259.9
ES,Mucurici,259.8,1,259.8
PR,Borrazopolis,259.59000000000003,2,129.8
RS,Nova Esperanca Do Sul,259.4,2,129.7
PR,Altamira Do Parana,259.1,2,129.55
BA,Rio Do Antonio,259.0,2,129.5
MG,Cocais,259.0,1,259.0
PB,Soledade,258.9,3,86.3
MT,Alto Garcas,258.8,2,129.4
RS,Dona Francisca,258.7,2,129.35
PB,Princesa Isabel,258.0,1,258.0
PI,Jose De Freitas,257.9,3,85.97
BA,Mucuge,256.99,1,256.99
MS,Bataypora,256.89,2,128.44
SC,Major Vieira,256.89,3,85.63
SC,Anita Garibaldi,256.78,5,51.36
PR,Santo Antonio Do Caiua,256.3,1,256.3
SP,Bernardino De Campos,256.09000000000003,4,64.02
RS,Minas Do Leao,256.0,1,256.0
BA,Nova Soure,255.52,3,85.17
MG,Icarai De Minas,254.9,2,127.45
PR,Nova Fatima,254.89,4,63.72
SC,Nova Erechim,254.79,3,84.93
RS,Restinga Seca,254.69,3,84.9
AL,Olho D'Agua Das Flores,254.48000000000002,3,84.83
CE,Miraima,254.0,2,127.0
RO,Urupa,253.57,3,84.52
MG,Igaratinga,253.52,1,253.52
MG,Alterosa,252.3,3,84.1
AL,Jequia Da Praia,251.91,2,125.96
BA,Buritirama,251.9,2,125.95
PR,Quatigua,251.7,5,50.34
MG,Campo Do Meio,251.69,4,62.92
TO,Formoso Do Araguaia,251.28,4,62.82
MG,Pouso Alto,251.0,3,83.67
RJ,Engenheiro Passos,250.89000000000001,2,125.44
SE,Caninde De Sao Francisco,250.8,2,125.4
BA,Humildes,249.99,1,249.99
MA,Presidente Juscelino,249.99,1,249.99
MG,Divinesia,249.9,1,249.9
CE,Cedro,249.9,1,249.9
AL,Santana Do Ipanema,249.9,1,249.9
SC,Armazem,249.9,2,124.95
PE,Cortes,249.89000000000001,2,124.94
MA,Campestre Do Maranhao,249.89,2,124.94
SP,Potim,249.8,2,124.9
BA,Itaguacu Da Bahia,249.7,1,249.7
SE,Brejo Grande,249.0,1,249.0
SC,Riqueza,248.9,3,82.97
PB,Sume,248.89,3,82.96
SP,Sarapui,248.88,2,124.44
PA,Vigia,248.79,3,82.93
MG,Santa Helena De Minas,248.34,2,124.17
PE,Buenos Aires,247.9,2,123.95
MG,Pirauba,247.77,3,82.59
SP,Ipigua,247.24,2,123.62
MG,Luisburgo,246.98,2,123.49
BA,Sapeacu,246.79,2,123.4
CE,Potengi,245.89000000000001,2,122.94
MT,Nova Monte Verde,245.79000000000002,3,81.93
MG,Vargem Alegre,244.99,2,122.5
PA,Itaituba,243.88,3,81.29
ES,Irupi,242.99,2,121.5
PR,Inacio Martins,242.99,5,48.6
PA,Moju,242.88,4,60.72
RS,Ametista Do Sul,242.8,2,121.4
MA,Santa Luzia,242.7,2,121.35
RJ,Anta,241.88000000000002,3,80.63
PA,Porto Trombetas,241.8,2,120.9
SP,Ocaucu,241.6,5,48.32
MG,Carmesia,241.1,1,241.1
MG,Santana Dos Montes,241.0,2,120.5
RJ,Sao Jose Do Turvo,240.70000000000002,3,80.23
MG,Carvalhopolis,240.32999999999998,3,80.11
RN,Galinhos,240.0,1,240.0
RS,Osvaldo Kroeff,239.99,1,239.99
MG,Santo Antonio Do Grama,239.9,2,119.95
MG,Araponga,239.9,2,119.95
PB,Junco Do Serido,239.89,2,119.94
CE,Pentecoste,239.8,2,119.9
MA,Candido Mendes,239.8,1,239.8
SP,Manduri,239.62,3,79.87
AL,Sao Luis Do Quitunde,239.3,2,119.65
BA,Pau Brasil,239.2,1,239.2
SC,Paulo Lopes,238.99,2,119.5
ES,Muniz Freire,238.9,2,119.45
ES,Presidente Kennedy,238.64999999999998,2,119.32
SC,Maracana,238.0,2,119.0
SP,Campina Do Monte Alegre,237.9,2,118.95
GO,Nazario,237.89000000000001,2,118.94
RN,Serra De Sao Bento,236.9,2,118.45
GO,Paranaiguara,236.89,3,78.96
SP,Rosana,236.6,4,59.15
MG,Jampruca,235.9,1,235.9
PI,Piracuruca,235.9,2,117.95
BA,Caraibas,235.9,1,235.9
TO,Pedro Afonso,235.89000000000001,3,78.63
SC,Jacinto Machado,235.59000000000003,3,78.53
SE,Neopolis,235.0,1,235.0
PE,Buique,235.0,1,235.0
RS,Muliterno,235.0,1,235.0
PE,Joaquim Nabuco,234.87,4,58.72
MT,Porto Esperidiao,234.8,2,117.4
BA,Presidente Tancredo Neves,234.68,4,58.67
PR,Sao Tome,234.07,2,117.04
MG,Pimenta,233.99,2,117.0
GO,Alto Horizonte,233.91,2,116.96
MG,Chaveslandia,233.79000000000002,2,116.9
MG,Delfinopolis,233.59,3,77.86
RS,Parai,233.4,3,77.8
PR,Cafeara,233.0,2,116.5
MG,Luizlandia Do Oeste,232.99,2,116.5
RS,Ibiraiaras,232.98,2,116.49
MG,Cantagalo,232.95,2,116.48
CE,Novo Oriente,231.98000000000002,3,77.33
PE,Moreilandia,230.9,2,115.45
PE,Flores,230.70000000000002,1,230.7
SP,Mendonca,230.37,4,57.59
AL,Canapi,230.0,1,230.0
SC,Sao Pedro De Alcantara,230.0,1,230.0
PE,Quipapa,230.0,1,230.0
BA,Itape,230.0,1,230.0
MG,Mamonas,230.0,1,230.0
BA,Itanhem,230.0,1,230.0
RS,Boa Vista Do Burica,229.99,1,229.99
RN,Barauna,229.99,1,229.99
TO,Silvanopolis,229.99,1,229.99
SP,Julio Mesquita,229.99,1,229.99
RJ,Portela,229.9,1,229.9
CE,Iracema,229.9,2,114.95
RN,Tenente Ananias,229.9,1,229.9
MG,Itamogi,229.9,2,114.95
RN,Sao Paulo Do Potengi,229.9,2,114.95
RN,Japi,229.9,1,229.9
MG,Bonfim,229.84,4,57.46
SP,Espirito Santo Do Turvo,229.70000000000002,2,114.85
SP,Sete Barras,229.69,4,57.42
RS,Ciriaco,229.0,1,229.0
AL,Piacabucu,228.9,2,114.45
PE,Sao Jose Do Belmonte,228.9,2,114.45
MG,Santana Do Manhuacu,228.89000000000001,3,76.3
PA,Benevides,228.89000000000001,2,114.44
PA,Sao Joao De Pirabas,228.89,2,114.44
MG,Alpercata,228.8,2,114.4
SE,Tomar Do Geru,228.79000000000002,2,114.4
SP,Igarata,228.19,4,57.05
BA,Quijingue,228.08999999999997,2,114.04
RS,Boqueirao Do Leao,227.9,2,113.95
SC,Ibicare,227.4,2,113.7
SP,Estrela D'Oeste,227.07,1,227.07
PA,Sao Domingos Do Araguaia,227.0,1,227.0
MT,Sao Jose Dos Quatro Marcos,226.99,2,113.5
SP,Santa Mercedes,226.99,2,113.5
BA,Olindina,226.79000000000002,3,75.6
BA,Rio De Contas,226.70000000000002,3,75.57
SP,Aparecida De Sao Manuel,226.3,2,113.15
BA,Sao Felix Do Coribe,226.0,1,226.0
SP,Luiziania,225.49,3,75.16
MS,Corguinho,225.41,2,112.7
ES,Rio Bananal,225.26,4,56.32
MG,Santo Antonio Do Itambe,225.06,3,75.02
MG,Resende Costa,224.79,3,74.93
PB,Pocinhos,223.8,3,74.6
MG,Caiana,221.92000000000002,2,110.96
PE,Mirandiba,221.89,3,73.96
MT,Vila Rica,221.82,3,73.94
MG,Santa Cruz De Salinas,220.9,2,110.45
SC,Grao Para,220.8,3,73.6
MT,Uniao Do Sul,220.7,1,220.7
TO,Pequizeiro,219.99,1,219.99
AL,Sao Jose Da Laje,219.9,2,109.95
CE,Mombaca,219.9,1,219.9
MS,Agua Clara,219.89000000000001,2,109.94
MG,Coronel Murta,219.8,1,219.8
MG,Merces,219.76,4,54.94
AL,Boca Da Mata,219.73000000000002,2,109.86
CE,Uruoca,219.70000000000002,2,109.85
MG,Divinolandia De Minas,219.59,5,43.92
RJ,Laje Do Muriae,219.0,1,219.0
PB,Puxinana,219.0,1,219.0
PE,Triunfo,219.0,2,109.5
PE,Sao Jose Da Coroa Grande,218.9,2,109.45
MG,Varzelandia,218.89,3,72.96
SP,Rubiacea,218.8,2,109.4
BA,Lencois,218.0,1,218.0
BA,Quixabeira,216.94,3,72.31
MA,Coelho Neto,216.9,2,108.45
SP,Gastao Vidigal,216.88,3,72.29
RS,Condor,216.8,4,54.2
MG,Sericita,216.32,2,108.16
PB,Sao Bento,215.89,2,107.94
SC,Antonio Carlos,215.8,2,107.9
PE,Rio Formoso,215.6,2,107.8
PE,Joao Alfredo,215.49,3,71.83
RS,Progresso,215.0,1,215.0
RJ,Santo Eduardo,215.0,2,107.5
MT,Tabapora,214.9,2,107.45
CE,Carnaubal,214.89000000000001,2,107.44
PR,Lunardelli,214.89,2,107.44
AL,Maravilha,214.8,2,107.4
AL,Batalha,214.79000000000002,3,71.6
BA,Crisopolis,214.60000000000002,4,53.65
PR,Guamiranga,214.0,1,214.0
PR,Mercedes,213.9,2,106.95
MG,Rubim,213.89,3,71.3
SP,Queluz,213.74,2,106.87
MG,Monte Alegre De Minas,213.68,4,53.42
MG,Alto Rio Doce,213.42,4,53.36
SP,Ilha Comprida,212.98000000000002,3,70.99
SC,Irineopolis,212.82,4,53.2
RS,Rodeio Bonito,212.8,2,106.4
SC,Timbe Do Sul,212.79000000000002,3,70.93
SE,Telha,212.4,1,212.4
MG,Alto Jequitiba,211.89,3,70.63
PR,Doutor Camargo,211.05,1,211.05
PI,Barras,210.88,3,70.29
RS,Vale Real,210.53,3,70.18
SP,Guapiara,210.29,3,70.1
MG,Cristiano Otoni,210.2,2,105.1
PE,Terra Nova,209.99,1,209.99
RS,Gramado Dos Loureiros,209.99,1,209.99
SE,Tobias Barreto,209.99,2,105.0
RS,Santo Expedito Do Sul,209.99,1,209.99
RS,Morro Redondo,209.9,1,209.9
RS,Acegua,209.9,2,104.95
SP,Coroados,209.9,2,104.95
PR,Lupionopolis,209.75,2,104.88
SP,Ribeira,209.28,3,69.76
MG,Imbe De Minas,209.0,2,104.5
PR,Santo Antonio Do Sudoeste,208.95,3,69.65
MG,Leandro Ferreira,208.9,2,104.45
SC,Passos Maia,208.9,2,104.45
RS,Manoel Viana,208.79,3,69.6
MG,Cristais,208.7,3,69.57
SP,Santa Ernestina,208.16,2,104.08
PR,Nova Laranjeiras,208.1,1,208.1
AL,Igreja Nova,208.0,2,104.0
CE,Milha,207.9,2,103.95
SP,Sao Jose Do Barreiro,207.59000000000003,3,69.2
SP,Cabralia Paulista,207.29,4,51.82
MG,Descoberto,206.98000000000002,3,68.99
BA,Riachao Das Neves,206.89000000000001,2,103.44
SP,Santo Antonio Da Alegria,206.79000000000002,3,68.93
MG,Sao Sebastiao Do Maranhao,206.79,3,68.93
MG,Frei Lagonegro,206.74,1,206.74
BA,Nova Vicosa,205.99,1,205.99
MA,Sao Vicente Ferrer,205.9,1,205.9
BA,Itapitanga,205.70000000000002,3,68.57
PB,Agua Branca,204.99,2,102.5
CE,Catarina,204.98,3,68.33
MT,Carlinda,204.9,2,102.45
PE,Tacaratu,204.89000000000001,2,102.44
SC,Agronomica,204.87,2,102.44
MG,Prados,204.79,3,68.26
MG,Jequitai,204.18,2,102.09
PE,Riacho Das Almas,203.9,2,101.95
MG,Sao Jose Do Goiabal,202.9,2,101.45
PE,Bodoco,202.8,2,101.4
RS,Colorado,202.70000000000002,3,67.57
PR,Boa Vista Da Aparecida,202.46999999999997,4,50.62
SP,Flora Rica,200.0,1,200.0
SP,Pinheiros,199.99,1,199.99
MA,Guimaraes,199.99,1,199.99
PE,Sao Vicente Ferrer,199.98000000000002,2,99.99
CE,Dourado,199.9,1,199.9
PR,Bom Jesus Do Sul,199.9,1,199.9
GO,Cumari,199.9,2,99.95
PR,Nova Cantu,199.9,2,99.95
PB,Uirauna,199.9,1,199.9
RS,Herval,199.89000000000001,2,99.94
MG,Bom Jesus Do Amparo,199.89,1,199.89
RO,Colorado Do Oeste,199.88,3,66.63
MG,Guaraciaba,199.8,2,99.9
SP,Mirante Do Paranapanema,199.70000000000002,3,66.57
MG,Capitao Andrade,199.0,1,199.0
PB,Curral De Cima,199.0,1,199.0
RS,Fontoura Xavier,199.0,1,199.0
SC,Santa Rosa Do Sul,199.0,1,199.0
SP,Galia,199.0,1,199.0
MG,Morro Da Garca,199.0,1,199.0
RN,Lagoa De Velhos,199.0,1,199.0
MG,Andrequice,199.0,1,199.0
PE,Calcado,199.0,1,199.0
MG,Macuco De Minas,199.0,1,199.0
GO,Palminopolis,199.0,1,199.0
MA,Alto Alegre Do Pindare,199.0,1,199.0
PA,Sao Sebastiao Da Boa Vista,198.9,2,99.45
MG,Capetinga,198.9,2,99.45
PR,Tunas Do Parana,198.9,2,99.45
PB,Fagundes,198.9,1,198.9
RN,Francisco Dantas,198.9,1,198.9
SP,Irapua,198.8,4,49.7
SP,Zacarias,198.8,2,99.4
SP,Mira Estrela,198.0,1,198.0
TO,Arraias,197.9,2,98.95
CE,Ibiapina,197.89,3,65.96
MS,Itapora,197.88,3,65.96
ES,Itapemirim,197.8,3,65.93
MS,Aquidauana,197.7,4,49.42
RS,Novo Barreiro,197.59,2,98.8
SE,General Maynard,197.5,1,197.5
BA,Santana,197.3,3,65.77
BA,Serra Dourada,197.14,2,98.57
PR,Flor Da Serra Do Sul,197.10000000000002,2,98.55
GO,Diorama,196.87,2,98.44
RS,Salto Do Jacui,196.36,4,49.09
MG,Conceicao Do Formoso,195.99,1,195.99
BA,Urucuca,195.9,2,97.95
MG,Cachoeira Do Brumado,195.9,1,195.9
MG,Piumhi,195.73000000000002,3,65.24
GO,Padre Bernardo,195.7,4,48.92
AC,Manoel Urbano,194.99,1,194.99
PI,Campo Alegre Do Fidalgo,194.98,1,194.98
SC,Turvo,194.89,4,48.72
TO,Couto De Magalhaes,194.89,2,97.44
BA,Presidente Dutra,194.8,3,64.93
PR,Sao Joao Do Ivai,193.9,2,96.95
SP,Lourdes,193.7,2,96.85
MA,Mata Roma,193.0,2,96.5
SP,Floreal,192.89000000000001,2,96.44
BA,Jaguaquara,192.4,2,96.2
RS,Ajuricaba,191.9,2,95.95
BA,Planaltino,191.8,1,191.8
MG,Diogo De Vasconcelos,191.62,2,95.81
MG,Divisa Alegre,190.99,2,95.5
MG,Santana Do Deserto,190.9,1,190.9
MG,Soledade De Minas,190.04,4,47.51
MG,Moema,189.99,1,189.99
SP,Botelho,189.98,1,189.98
SC,Sao Bernardino,189.9,1,189.9
MS,Vicentina,189.9,1,189.9
MG,Berizal,189.9,1,189.9
MG,Ressaquinha,189.9,1,189.9
CE,Iraucuba,189.89000000000001,2,94.94
MT,Curvelandia,189.0,1,189.0
RS,Santo Antonio Do Planalto,189.0,1,189.0
CE,Tururu,189.0,1,189.0
PA,Curralinho,188.76,1,188.76
PA,Ipixuna Do Para,188.0,2,94.0
PR,Wenceslau Braz,188.0,2,94.0
CE,Erere,188.0,1,188.0
MG,Bugre,187.9,1,187.9
PR,Paraiso Do Norte,187.82,3,62.61
RS,Ararica,187.0,2,93.5
MG,Montezuma,186.89000000000001,2,93.44
SP,Alvares Florence,185.76,2,92.88
MT,Jaciara,185.7,3,61.9
BA,Abare,185.19,2,92.6
TO,Goianorte,184.99,2,92.5
SP,Herculandia,184.89,3,61.63
MG,Santa Rita Do Ibitipoca,184.7,2,92.35
RS,Cerro Grande Do Sul,184.0,2,92.0
BA,Teofilandia,183.88,3,61.29
RN,Areia Branca,183.6,3,61.2
RS,Tuparendi,183.49,2,91.74
SC,Trombudo Central,182.89,4,45.72
PR,Cerro Azul,182.18,4,45.54
SC,Botuvera,181.9,2,90.95
RS,Ilopolis,181.8,3,60.6
GO,Hidrolina,181.47,2,90.74
SC,Santa Rosa De Lima,180.15,3,60.05
MG,Arantina,180.0,1,180.0
PB,Sao Jose Dos Cordeiros,180.0,1,180.0
BA,Antonio Cardoso,179.99,1,179.99
PA,Santa Barbara Do Para,179.96,1,179.96
AL,Porto De Pedras,179.9,1,179.9
BA,Saubara,179.9,1,179.9
GO,Campinacu,179.9,1,179.9
BA,Rodelas,179.9,2,89.95
SP,Aparecida De Monte Alto,179.9,1,179.9
SP,Alambari,179.88,3,59.96
PI,Redencao Do Gurgueia,179.8,1,179.8
BA,Xique-Xique,179.79000000000002,3,59.93
SP,Engenheiro Balduino,179.6,1,179.6
MG,Senador Amaral,179.46,2,89.73
CE,Fortim,179.0,1,179.0
MA,Pocao De Pedras,179.0,1,179.0
RS,Mato Leitao,179.0,2,89.5
PR,Palmital,179.0,1,179.0
RS,Salvador Do Sul,179.0,1,179.0
BA,Cipo,179.0,1,179.0
MG,Fruta De Leite,178.9,2,89.45
SC,Campo Alegre,178.9,2,89.45
SE,Umbauba,178.9,3,59.63
PA,Oeiras Do Para,178.64999999999998,2,89.32
SP,Santa Rita D'Oeste,178.57,3,59.52
PR,Paranacity,178.15,3,59.38
MS,Jardim,178.0,2,89.0
MG,Sao Goncalo Do Abaete,177.99,2,89.0
RS,Roca Sales,177.9,2,88.95
SP,Mineiros Do Tiete,177.9,2,88.95
RN,Martins,177.89000000000001,2,88.94
RS,Sarandi,177.39000000000001,5,35.48
RS,Tavares,176.99,1,176.99
MG,Guape,176.96,1,176.96
SC,Rio Das Antas,176.8,2,88.4
GO,Corumbaiba,176.8,4,44.2
SC,Xavantina,176.02,2,88.01
RS,Nonoai,175.9,2,87.95
MA,Bom Jesus Das Selvas,175.9,2,87.95
GO,Campo Alegre De Goias,175.89000000000001,2,87.94
MG,Tiros,175.89,3,58.63
MG,Chacara,175.7,2,87.85
CE,Frecheirinha,175.09,2,87.54
BA,Palmeiras,174.95,2,87.48
MA,Carutapera,174.9,2,87.45
BA,Canudos,174.9,1,174.9
ES,Celina,174.9,2,87.45
MT,Nortelandia,174.9,1,174.9
SC,Quilombo,174.78,4,43.7
MG,Sao Joao Da Mata,174.78,2,87.39
BA,Belo Campo,174.47,3,58.16
RN,Poco De Pedra,174.0,1,174.0
CE,Sao Luis Do Curu,173.9,2,86.95
RS,Ipe,173.9,2,86.95
SE,Macambira,173.9,1,173.9
SP,Estrela Do Norte,173.79000000000002,3,57.93
MG,Sao Miguel Do Anta,173.59,1,173.59
MG,Pocrane,172.99,3,57.66
MG,Bueno Brandao,172.02,4,43.0
BA,Irara,171.89000000000001,2,85.94
MG,Ladainha,171.14,2,85.57
MG,Claraval,171.0,1,171.0
SP,Santa Barbara D Oeste,170.92000000000002,4,42.73
MG,Sao Francisco Do Humaita,170.8,1,170.8
RS,Tres Arroios,170.27,3,56.76
PI,Isaias Coelho,170.0,1,170.0
RN,Lagoa D'Anta,170.0,1,170.0
RJ,Ibitioca,169.99,1,169.99
MG,Pequi,169.99,1,169.99
MG,Serra Bonita,169.99,1,169.99
MG,Desembargador Otoni,169.99,1,169.99
BA,Apuarema,169.99,1,169.99
RN,Ipueira,169.99,1,169.99
CE,Deputado Irapuan Pinheiro,169.98000000000002,2,84.99
RS,Miraguai,169.97,1,169.97
BA,Sao Miguel Das Matas,169.94,1,169.94
PE,Correntes,169.9,1,169.9
SC,Arroio Trinta,169.9,1,169.9
MG,Ipuiuna,169.9,1,169.9
BA,America Dourada,169.9,1,169.9
MG,Felicio Dos Santos,169.9,1,169.9
BA,Pindobacu,169.9,3,56.63
MG,Sao Roque De Minas,169.89,2,84.94
GO,Carmo Do Rio Verde,169.89,2,84.94
SP,Emilianopolis,169.85000000000002,2,84.93
AM,Urucurituba,169.8,2,84.9
MG,Cachoeira Da Prata,169.8,2,84.9
MG,Azurita,169.70000000000002,3,56.57
SP,Rinopolis,169.69,3,56.56
PR,Lobato,169.54,2,84.77
MG,Sao Goncalo Do Rio Das Pedras,169.0,1,169.0
BA,Itaparica,168.49,1,168.49
SP,Sao Joao De Iracema,168.38,3,56.13
BA,Brotas De Macaubas,168.0,1,168.0
MT,Nova Olimpia,168.0,2,84.0
PR,Alto Alegre,167.99,2,84.0
PR,Abatia,167.89,3,55.96
RS,David Canabarro,167.88,2,83.94
BA,Teolandia,167.8,4,41.95
MT,Cotriguacu,167.66,2,83.83
BA,Aramari,167.4,2,83.7
PR,Itaipulandia,167.26999999999998,5,33.45
RJ,Sao Joao Do Paraiso,166.99,1,166.99
MA,Parnarama,166.99,1,166.99
RJ,Purilandia,166.99,1,166.99
ES,Piacu,166.99,1,166.99
MG,Luz,166.9,2,83.45
SP,Porangaba,166.39,2,83.2
BA,Sao Domingos,165.31,3,55.1
MG,Acaiaca,164.9,2,82.45
PE,Cha Grande,164.89,1,164.89
GO,Alvorada Do Norte,164.88,3,54.96
MG,Ataleia,164.8,2,82.4
BA,Ibiassuce,164.5,2,82.25
PR,Lindoeste,164.3,2,82.15
CE,Saboeiro,163.99,1,163.99
RS,Agua Santa,163.9,2,81.95
SE,Boquim,163.9,1,163.9
GO,Matrincha,163.29,2,81.64
SP,Euclides Da Cunha Paulista,163.25,2,81.62
SP,Poloni,163.12,3,54.37
SC,Jaguaruna,162.9,2,81.45
TO,Alianca Do Tocantins,162.79,2,81.4
RS,Macambara,162.74,2,81.37
MG,Ibertioga,162.5,1,162.5
PI,Luzilandia,161.8,3,53.93
MG,Nazareno,161.8,2,80.9
PE,Panelas,161.79000000000002,2,80.9
MG,Rio Preto,161.68,4,40.42
SE,Nossa Senhora Da Gloria,161.55,1,161.55
AL,Lagoa Da Canoa,160.99,1,160.99
BA,Ichu,160.98000000000002,2,80.49
PR,Jaboti,160.7,2,80.35
PR,Santa Amelia,160.0,1,160.0
ES,Santo Antonio Do Canaa,160.0,1,160.0
PE,Santa Filomena,160.0,1,160.0
PB,Pedras De Fogo,159.99,2,80.0
SC,Romelandia,159.99,1,159.99
GO,Sao Joao Da Parauna,159.99,1,159.99
SE,Itaporanga D'Ajuda,159.99,1,159.99
RN,Jose Da Penha,159.99,1,159.99
PI,Baixa Grande Do Ribeiro,159.99,1,159.99
CE,Itapage,159.99,1,159.99
ES,Pancas,159.94,1,159.94
AL,Monteiropolis,159.9,1,159.9
MG,Santa Fe De Minas,159.9,1,159.9
GO,Mimoso De Goias,159.9,1,159.9
PR,Marilandia Do Sul,159.9,1,159.9
PB,Triunfo,159.9,1,159.9
PR,Rio Verde,159.9,1,159.9
PB,Areial,159.9,1,159.9
RN,Governador Dix-Sept Rosado,159.9,1,159.9
RN,Alexandria,159.8,2,79.9
BA,Muritiba,159.49,1,159.49
GO,Jesupolis,159.33,2,79.67
RS,Capivari Do Sul,159.0,1,159.0
MG,Santo Antonio Dos Campos,159.0,1,159.0
GO,Cavalcante,158.99,2,79.5
PR,Roncador,158.98000000000002,2,79.49
PR,Espigao Alto Do Iguacu,158.9,2,79.45
SP,Marinopolis,158.88,2,79.44
GO,Sao Patricio,158.7,1,158.7
PR,Pranchita,158.67,1,158.67
BA,Abaira,157.99,2,79.0
SP,Sao Sebastiao Da Serra,157.9,1,157.9
ES,Aguia Branca,157.89000000000001,2,78.95
RS,Jaguari,157.89,3,52.63
RS,Fazenda Vilanova,157.8,2,78.9
SE,Itabaianinha,157.8,2,78.9
RS,Capao Da Porteira,157.0,2,78.5
BA,Nova Canaa,156.9,2,78.45
GO,Aragarcas,156.88,3,52.29
RN,Guamare,156.8,2,78.4
SP,Nova Campina,156.5,2,78.25
RS,Lagoao,156.45,1,156.45
RS,Bossoroca,155.99,1,155.99
PI,Campo Grande Do Piaui,155.99,1,155.99
RS,Sao Vendelino,155.98000000000002,2,77.99
AL,Barra De Sao Miguel,155.98000000000002,2,77.99
SC,Meleiro,155.9,2,77.95
CE,Massape,155.9,2,77.95
RS,Campina Das Missoes,155.8,2,77.9
PR,Salgado Filho,155.7,3,51.9
PI,Conceicao Do Caninde,155.44,1,155.44
SC,Picarras,155.0,1,155.0
PA,Novo Repartimento,155.0,2,77.5
PR,Mariopolis,154.99,1,154.99
PR,Sapopema,154.98000000000002,2,77.49
BA,Itabatan,154.98000000000002,2,77.49
SP,Aguas De Santa Barbara,154.9,3,51.63
BA,Iramaia,154.9,2,77.45
MA,Mirinzal,154.87,3,51.62
MG,Sao Joao Do Manhuacu,154.8,2,77.4
MG,Porto Firme,153.60999999999999,2,76.8
GO,Nova Crixas,153.4,1,153.4
BA,Maragogipe,152.8,2,76.4
MG,Capim Branco,152.78,2,76.39
PI,Sao Lourenco Do Piaui,152.49,1,152.49
CE,Groairas,152.15,1,152.15
PI,Novo Oriente Do Piaui,152.01,2,76.0
GO,Agua Fria De Goias,152.0,1,152.0
MA,Buriti,151.79,1,151.79
PR,Eneas Marques,151.68,4,37.92
MG,Carlos Chagas,150.79000000000002,3,50.26
CE,Chaval,150.0,1,150.0
PI,Pio Ix,149.99,1,149.99
PB,Aroeiras,149.99,1,149.99
MA,Jatoba,149.99,1,149.99
SP,Tecainda,149.99,1,149.99
MG,Urucuia,149.99,1,149.99
GO,Cocalzinho De Goias,149.9,1,149.9
RN,Sao Jose Do Serido,149.9,1,149.9
PB,Remigio,149.9,1,149.9
BA,Jaua,149.9,1,149.9
MG,Mendonca,149.9,1,149.9
BA,Presidente Janio Quadros,149.9,1,149.9
PI,Alegrete Do Piaui,149.9,1,149.9
RS,Ivora,149.9,1,149.9
PB,Santa Cecilia,149.9,1,149.9
MG,Rio Espera,149.9,1,149.9
RO,Cabixi,149.9,1,149.9
CE,Guassusse,149.9,1,149.9
PI,Sao Jose Do Piaui,149.9,1,149.9
RN,Sitio Novo,149.9,1,149.9
MG,Guiricema,149.9,1,149.9
MG,Perpetuo Socorro,149.89000000000001,2,74.95
PR,Luiziana,149.85,2,74.92
CE,Pacoti,149.8,2,74.9
MT,Nova Canaa Do Norte,149.77999999999997,3,49.93
SC,Belmonte,149.7,1,149.7
MG,Dom Joaquim,149.0,1,149.0
MG,Simao Pereira,149.0,1,149.0
MG,Ribeiro Junqueira,149.0,1,149.0
PR,Quatro Pontes,149.0,1,149.0
BA,Heliopolis,149.0,1,149.0
RS,Ibarama,149.0,1,149.0
RJ,Bom Jesus Do Querendo,149.0,1,149.0
MG,Piracema,149.0,1,149.0
MG,Urucania,149.0,1,149.0
MT,Santo Antonio Do Leste,149.0,1,149.0
SC,Sao Domingos,148.99,2,74.5
GO,Cachoeira Dourada,148.9,2,74.45
PA,Mae Do Rio,148.89,2,74.44
RN,Ielmo Marinho,148.70000000000002,2,74.35
MG,Sao Jose Do Divino,148.0,1,148.0
SC,Witmarsum,147.79000000000002,3,49.26
AL,Taquarana,146.99,1,146.99
MG,Paiva,146.2,2,73.1
SP,Caiua,146.0,2,73.0
MG,Ritapolis,145.69,3,48.56
RS,Esmeralda,145.0,1,145.0
BA,Candeal,144.99,1,144.99
RS,Vespasiano Correa,144.99,1,144.99
PE,Macaparana,144.88,2,72.44
GO,Aruana,144.8,2,72.4
RS,Putinga,144.8,2,72.4
CE,Carire,144.79,3,48.26
RN,Patu,144.49,3,48.16
BA,Ubata,144.0,1,144.0
GO,Mara Rosa,143.9,2,71.95
BA,Barra,143.9,2,71.95
MG,Turvolandia,143.9,2,71.95
RS,Santa Barbara Do Sul,143.8,2,71.9
PR,Ourizona,143.8,1,143.8
BA,Nova Fatima,143.8,1,143.8
SP,Santa Maria Da Serra,143.64000000000001,2,71.82
PE,Capoeiras,143.0,1,143.0
SP,Lucianopolis,142.9,2,71.45
SP,Itirapina,142.89999999999998,2,71.45
RS,Victor Graeff,142.8,2,71.4
PR,Chopinzinho,142.38,4,35.6
CE,Parambu,141.86,4,35.47
RS,Vila Langaro,140.64000000000001,3,46.88
RJ,Visconde De Maua,140.59,3,46.86
MT,Salto Do Ceu,140.39000000000001,2,70.2
CE,Varzea Alegre,140.29,2,70.14
BA,Jussari,139.99,2,70.0
PB,Alagoa Grande,139.99,1,139.99
SC,Paial,139.99,1,139.99
RS,Sao Joao Da Urtiga,139.9,1,139.9
MG,Brejo Bonito,139.9,1,139.9
BA,Cravolandia,139.9,1,139.9
RS,Alto Alegre,139.9,1,139.9
MG,Central De Santa Helena,139.9,1,139.9
PI,Ilha Grande,139.9,1,139.9
RS,Glorinha,139.9,1,139.9
BA,Tabocas Do Brejo Velho,139.88,3,46.63
RJ,Tres Irmaos,139.8,1,139.8
MG,Sao Geraldo Da Piedade,139.8,1,139.8
PR,Sao Clemente,139.8,1,139.8
MG,Angustura,139.0,1,139.0
PB,Caldas Brandao,139.0,1,139.0
PR,Jardim Olinda,139.0,1,139.0
PR,Adhemar De Barros,139.0,1,139.0
GO,Simolandia,138.99,2,69.5
BA,Dario Meira,138.99,2,69.5
BA,Oliveira Dos Brejinhos,138.9,2,69.45
MG,Machacalis,138.89,2,69.44
MG,Mato Verde,138.83,2,69.42
PR,Itaguaje,138.8,2,69.4
MA,Satubinha,138.79,2,69.4
MG,Senador Firmino,138.57,2,69.28
PR,Clevelandia,138.5,3,46.17
RS,Candelaria,138.4,2,69.2
PR,Iguatu,137.9,1,137.9
MA,Pastos Bons,137.9,2,68.95
BA,Itapicuru,137.32999999999998,2,68.66
MT,Gaucha Do Norte,136.48000000000002,2,68.24
MG,Pirajuba,135.9,1,135.9
PB,Cubati,135.89000000000001,2,67.95
MS,Bataipora,135.3,1,135.3
TO,Centenario,134.99,1,134.99
PE,Quixada,134.9,1,134.9
SP,Estrela D Oeste,134.9,1,134.9
PR,Ibema,134.9,1,134.9
MG,Matutina,134.89000000000001,2,67.45
BA,Pindai,134.8,2,67.4
MG,Carrancas,134.79,3,44.93
GO,Apore,134.64,1,134.64
ES,Jacigua,134.49,2,67.24
MT,Rio Branco,133.88,4,33.47
SP,Lupercio,133.79000000000002,3,44.6
GO,Urutai,133.48000000000002,3,44.49
MT,Itiquira,133.0,1,133.0
PI,Agua Branca,132.9,2,66.45
CE,Madalena,132.9,1,132.9
MG,Silvianopolis,132.5,3,44.17
SC,Caibi,132.05,3,44.02
SP,Nossa Senhora Do Remedio,131.9,2,65.95
ES,Iuna,131.0,2,65.5
BA,Correntina,130.99,2,65.5
RS,Seberi,130.39000000000001,2,65.2
SC,Ipira,130.2,2,65.1
SC,Lajeado Grande,130.0,1,130.0
PB,Inga,130.0,1,130.0
PR,Cruzeiro Do Iguacu,129.99,1,129.99
RN,Carnauba Dos Dantas,129.99,1,129.99
RS,Chiapetta,129.99,1,129.99
MG,Ibiracatu,129.99,1,129.99
PR,Maua Da Serra,129.99,2,65.0
PE,Agua Preta,129.99,1,129.99
MG,Serra Azul De Minas,129.99,1,129.99
AL,Luziapolis,129.99,1,129.99
PA,Floresta Do Araguaia,129.99,1,129.99
GO,Sao Luiz Do Norte,129.99,1,129.99
MG,Orizania,129.95,1,129.95
MG,Grupiara,129.94,1,129.94
MT,Porto Estrela,129.9,1,129.9
PR,Amapora,129.9,2,64.95
MG,Itatiaiucu,129.9,2,64.95
BA,Itagimirim,129.9,1,129.9
PB,Araruna,129.9,1,129.9
CE,Flores,129.9,1,129.9
PA,Murucupi,129.9,1,129.9
RN,Riacho Da Cruz,129.9,1,129.9
PB,Riacho De Santo Antonio,129.9,1,129.9
GO,Mairipotaba,129.77,1,129.77
PB,Nova Floresta,129.6,1,129.6
TO,Araguacu,129.5,1,129.5
BA,Mundo Novo,129.0,1,129.0
PR,Boa Esperanca,129.0,1,129.0
MG,Paula Candido,129.0,1,129.0
MG,Corrego Fundo,129.0,1,129.0
MG,Comercinho,129.0,1,129.0
TO,Carmolandia,129.0,1,129.0
SP,Jeriquara,129.0,1,129.0
SP,Alfredo Marcondes,129.0,1,129.0
PR,Grandes Rios,128.99,2,64.5
MT,Castanheira,128.98000000000002,3,42.99
MG,Santa Cruz Do Prata,128.9,2,64.45
ES,Brejetuba,128.89,1,128.89
MT,Poxoreu,128.57,2,64.28
MA,Sao Domingos Do Maranhao,127.88999999999999,2,63.94
SC,Angelina,126.99,1,126.99
GO,Corumba De Goias,126.99,2,63.5
PR,Farol,126.99,1,126.99
PE,Jatauba,126.89000000000001,2,63.45
BA,Itagiba,126.89000000000001,2,63.45
RS,Barao De Cotegipe,126.88999999999999,2,63.44
SP,Jaborandi,126.29,3,42.1
RN,Sao Fernando,125.9,1,125.9
MG,Piau,125.88999999999999,2,62.94
SC,Abdon Batista,125.4,1,125.4
BA,Sao Desiderio,125.0,1,125.0
RS,Charrua,125.0,1,125.0
MT,Tapurah,125.0,1,125.0
RS,Mariano Moro,125.0,1,125.0
SP,Natividade Da Serra,125.0,1,125.0
MG,Inhauma,124.97999999999999,2,62.49
BA,Brejoes,124.9,1,124.9
PR,Imbau,124.2,2,62.1
MG,Coracao De Jesus,123.9,3,41.3
CE,Barreira,123.89,1,123.89
MT,Juscimeira,123.80000000000001,2,61.9
RS,Maquine,122.99,1,122.99
GO,Aurilandia,122.99,1,122.99
BA,Ibirapua,122.99,1,122.99
RS,Sao Nicolau,122.99,1,122.99
RN,Felipe Guerra,122.99,1,122.99
RO,Buritis,122.99,1,122.99
PR,Santana,122.99,1,122.99
PE,Caetes,122.9,1,122.9
RS,Protasio Alves,122.9,2,61.45
BA,Mascote,122.4,2,61.2
PR,Doutor Ulysses,122.0,1,122.0
SC,Coronel Martins,121.30000000000001,2,60.65
TO,Divinopolis Do Tocantins,120.99,1,120.99
RO,Mirante Da Serra,120.9,1,120.9
GO,Araguapaz,120.9,2,60.45
SP,Sao Francisco,120.87,2,60.44
MA,Miranda Do Norte,120.0,1,120.0
MS,Tacuru,120.0,1,120.0
MG,Passa Tempo,120.0,1,120.0
BA,Biritinga,120.0,1,120.0
RN,Severiano Melo,120.0,1,120.0
PB,Pitanga De Estrada,120.0,1,120.0
TO,Lajeado,120.0,1,120.0
MG,Morro Do Ferro,120.0,1,120.0
RS,Erebango,119.99,1,119.99
MG,Sao Joao Das Missoes,119.99,2,60.0
RS,Nova Araca,119.99,1,119.99
PI,Santa Cruz Do Piaui,119.99,1,119.99
GO,Santo Antonio De Goias,119.9,1,119.9
GO,Ipiranga De Goias,119.9,1,119.9
SP,Bora,119.9,1,119.9
ES,Vila Nelita,119.9,2,59.95
CE,Mucambo,119.9,1,119.9
BA,Wagner,119.9,1,119.9
MG,Sardoa,119.9,1,119.9
MG,Cachoeira Dourada,119.9,1,119.9
MG,Serranopolis De Minas,119.9,1,119.9
MG,Bela Vista De Minas,119.9,1,119.9
RO,Presidente Medici,119.89000000000001,2,59.95
PB,Areia,119.80000000000001,2,59.9
MG,Aracitaba,119.80000000000001,2,59.9
RJ,Sacra Familia Do Tingua,119.8,1,119.8
SC,Morro Grande,119.8,1,119.8
RS,Silveira Martins,119.8,1,119.8
MG,Antunes,119.8,1,119.8
SC,Jose Boiteux,119.69999999999999,1,119.7
MG,Ferros,119.6,2,59.8
PB,Bonito De Santa Fe,119.6,1,119.6
PA,Mojui Dos Campos,119.59,2,59.8
BA,Central,119.5,1,119.5
BA,Saude,119.4,2,59.7
BA,Maiquinique,119.4,1,119.4
MG,Andrelandia,119.36,3,39.79
MG,Senador Modestino Goncalves,119.32,2,59.66
MG,Campo Alegre De Minas,119.0,1,119.0
PR,Sede Alvorada,119.0,1,119.0
SP,Meridiano,119.0,1,119.0
RS,Andre Da Rocha,119.0,1,119.0
MA,Araguana,119.0,1,119.0
PR,Quinta Do Sol,118.99000000000001,3,39.66
SC,Sao Cristovao Do Sul,118.99,1,118.99
PR,Sao Jose Da Boa Vista,118.99,1,118.99
SC,Treviso,118.9,1,118.9
BA,Ibitiara,118.9,1,118.9
RS,Alpestre,118.9,1,118.9
RO,Guajara-Mirim,118.89,3,39.63
MG,Dionisio,118.80000000000001,2,59.4
SP,Nipoa,118.8,1,118.8
PR,Jardim Alegre,118.38000000000001,2,59.19
SC,Cerro Negro,118.0,1,118.0
RO,Cerejeiras,117.99,1,117.99
RN,Marcelino Vieira,117.7,1,117.7
MG,Durande,117.49000000000001,2,58.74
PR,Iretama,117.3,1,117.3
MG,Sao Geraldo Do Baguari,117.3,1,117.3
PR,Rancho Alegre D'Oeste,117.3,1,117.3
PR,Sao Pedro Do Iguacu,117.3,1,117.3
SP,Venda Branca,117.3,1,117.3
MG,Salto Da Divisa,116.98,2,58.49
MS,Anastacio,116.9,2,58.45
MG,Senhora De Oliveira,116.9,2,58.45
MG,Chale,116.4,2,58.2
MG,Careacu,116.13,2,58.06
CE,Quixelo,115.99,2,58.0
RS,Coxilha,115.9,2,57.95
TO,Duere,115.9,1,115.9
SP,Jaci,115.89,2,57.94
MG,Presidente Kubitschek,115.42999999999999,2,57.72
PI,Luis Correia,115.0,1,115.0
PI,Lagoinha Do Piaui,115.0,1,115.0
TO,Aparecida Do Rio Negro,115.0,1,115.0
PR,Cantagalo,114.99,2,57.5
PE,Sao Domingos,114.94,1,114.94
MG,Cruzeiro Da Fortaleza,114.9,2,57.45
TO,Pugmil,114.9,1,114.9
PI,Bocaina,114.9,1,114.9
GO,Domiciano Ribeiro,114.89,2,57.44
PB,Conceicao,114.49,2,57.24
SC,Luiz Alves,114.0,2,57.0
MA,Chapadinha,113.88,3,37.96
RN,Lagoa Nova,113.80000000000001,2,56.9
MS,Pedro Gomes,113.0,1,113.0
MA,Sao Joao Batista,113.0,1,113.0
PB,Alagoa Nova,113.0,1,113.0
PR,Nova Santa Barbara,113.0,1,113.0
GO,Aragoiania,112.9,1,112.9
MG,Estrela Do Indaia,112.80000000000001,2,56.4
SP,Presidente Alves,112.61,2,56.3
PR,Turvo,112.1,2,56.05
RS,Cotipora,112.0,1,112.0
SP,Mariapolis,111.9,2,55.95
BA,Itagi,111.89000000000001,2,55.95
RN,Extremoz,111.78999999999999,2,55.9
PR,Manfrinopolis,111.0,1,111.0
RS,Lindolfo Collor,110.9,1,110.9
PR,Ipiranga,110.89,3,36.96
CE,Independencia,110.0,1,110.0
BA,Wenceslau Guimaraes,110.0,1,110.0
PI,Caldeirao Grande Do Piaui,110.0,1,110.0
PB,Lagoa,110.0,1,110.0
MG,Umburatiba,109.99,1,109.99
CE,Missi,109.9,1,109.9
RN,Jandaira,109.9,1,109.9
AL,Sao Jose Da Tapera,109.9,1,109.9
PB,Arara,109.9,1,109.9
RS,Ipiranga Do Sul,109.9,1,109.9
RS,Caseiros,109.9,1,109.9
SP,Nova Canaa Paulista,109.89000000000001,2,54.95
RS,Sao Francisco De Assis,109.89,2,54.94
CE,Ocara,109.88999999999999,2,54.94
CE,Aiuaba,109.7,1,109.7
RS,Herveiras,109.0,1,109.0
GO,Arenopolis,108.9,1,108.9
MG,Japaraiba,108.9,1,108.9
MG,Francisco Dumont,108.89,2,54.44
TO,Parana,108.88,2,54.44
SP,Tapirai,108.65,2,54.32
SP,Ajapi,108.0,1,108.0
MG,Itabirinha,108.0,1,108.0
PB,Picui,107.99,2,54.0
BA,Canarana,107.9,1,107.9
RS,Capitao,107.8,1,107.8
SP,Igaracu Do Tiete,107.69,4,26.92
MG,Liberdade,107.22999999999999,3,35.74
SP,Mombuca,107.14,3,35.71
TO,Augustinopolis,107.0,1,107.0
PA,Santa Maria Do Para,106.99,2,53.5
MG,Agua Comprida,106.9,2,53.45
SP,Anhembi,106.9,1,106.9
SC,Peritiba,106.9,2,53.45
PR,Ventania,106.87,2,53.44
MG,Varjao De Minas,105.8,2,52.9
PI,Itaueira,105.28,2,52.64
PE,Pombos,105.0,1,105.0
TO,Colmeia,105.0,2,52.5
MA,Presidente Medici,105.0,1,105.0
MG,Quatituba,105.0,1,105.0
AL,Dois Riachos,104.99,1,104.99
MG,Sao Domingos Das Dores,104.9,2,52.45
MG,Santo Hipolito,104.4,1,104.4
ES,Divino De Sao Lourenco,103.97,1,103.97
SC,Lindoia Do Sul,103.9,1,103.9
MG,Crisolita,103.9,2,51.95
PR,Tamarana,103.9,2,51.95
PR,California,103.8,2,51.9
MG,Pocoes De Paineiras,102.89000000000001,1,102.89
PI,Pimenteiras,102.5,2,51.25
MG,Planura,102.16,2,51.08
ES,Governador Lindenberg,101.97,2,50.98
SP,Guzolandia,101.62,1,101.62
ES,Braco Do Rio,101.49,2,50.74
SC,Sao Bonifacio,101.0,1,101.0
BA,Itubera,100.73,3,33.58
MS,Ivinhema,100.7,2,50.35
CE,Oros,100.65,2,50.32
BA,Dom Basilio,100.28,3,33.43
SP,Rubineia,100.0,1,100.0
RS,Fortaleza Dos Valos,100.0,1,100.0
MG,Inconfidentes,99.99000000000001,2,50.0
BA,Banzae,99.99,1,99.99
SP,Santa Clara D'Oeste,99.99,1,99.99
RN,Tibau Do Sul,99.99,1,99.99
MA,Brejo,99.99,1,99.99
RJ,Mussurepe,99.99,1,99.99
SE,Japaratuba,99.99,1,99.99
SC,Fragosos,99.99,1,99.99
MG,Claro Dos Pocoes,99.99,1,99.99
BA,Barrocas,99.99,1,99.99
MG,Silvano,99.99,1,99.99
BA,Campo Alegre De Lourdes,99.99,1,99.99
MG,Brasopolis,99.99,1,99.99
MG,Bonito De Minas,99.99,1,99.99
PE,Nazare Da Mata,99.99,1,99.99
RS,Santa Maria Do Herval,99.99,1,99.99
AL,Cajueiro,99.9,1,99.9
CE,Caridade,99.9,1,99.9
MG,Olhos D'Agua,99.9,1,99.9
PA,Nova Timboteua,99.9,1,99.9
MT,Nova Ubirata,99.9,1,99.9
MG,Felisburgo,99.9,1,99.9
RS,Sao Pedro Do Butia,99.9,1,99.9
PE,Orobo,99.9,1,99.9
MA,Matoes Do Norte,99.9,1,99.9
SP,Novais,99.9,1,99.9
BA,Umburanas,99.9,1,99.9
MG,Coronel Pacheco,99.9,1,99.9
PR,Douradina,99.9,1,99.9
MG,Sao Vitor,99.9,1,99.9
SC,Frei Rogerio,99.9,1,99.9
RN,Rodolfo Fernandes,99.89,2,49.94
SC,Zortea,99.80000000000001,2,49.9
SP,Getulina,99.80000000000001,2,49.9
MG,Alexandrita,99.8,1,99.8
RN,Vila Flor,99.73,1,99.73
AL,Pilar,99.69999999999999,3,33.23
TO,Pindorama Do Tocantins,99.66,2,49.83
DF,Sobradinho,99.0,1,99.0
MA,Formosa Da Serra Negra,99.0,1,99.0
SP,Paulistania,99.0,1,99.0
RS,Barra Do Rio Azul,99.0,1,99.0
BA,Anguera,99.0,1,99.0
BA,Conceicao Do Almeida,99.0,1,99.0
CE,Palhano,99.0,1,99.0
PB,Varzea,98.99,1,98.99
MT,Sao Felix Do Araguaia,98.8,1,98.8
BA,Gentio Do Ouro,98.7,1,98.7
RS,Sao Pedro Do Sul,98.7,1,98.7
RS,Barracao,98.49,2,49.24
BA,Governador Mangabeira,98.0,1,98.0
MA,Lago Verde,98.0,1,98.0
MG,Vermelho,98.0,1,98.0
PA,Monte Alegre,98.0,1,98.0
CE,Jaguaribara,98.0,1,98.0
RJ,Sao Jose Do Ribeirao,97.9,1,97.9
GO,Barro Alto,97.9,1,97.9
SP,Aramina,97.9,1,97.9
BA,Sitio Do Quinto,97.89,2,48.94
RS,Eugenio De Castro,97.0,1,97.0
MT,Santo Antonio Do Leverger,97.0,1,97.0
TO,Ananas,96.8,1,96.8
MG,Ingai,96.0,1,96.0
MG,Sao Bras Do Suacui,95.99000000000001,2,48.0
MA,Benedito Leite,95.9,1,95.9
RS,Aguas Claras,95.8,1,95.8
GO,Planaltina De Goias,95.6,2,47.8
MA,Sao Benedito Do Rio Preto,95.0,1,95.0
CE,Meruoca,95.0,2,47.5
MT,Ipiranga Do Norte,95.0,1,95.0
GO,Goiandira,94.9,1,94.9
SP,Gaviao Peixoto,94.89,2,47.44
MG,Patrocinio Do Muriae,94.8,2,47.4
MS,Caracol,94.0,1,94.0
GO,Portelandia,93.99000000000001,2,47.0
MA,Boa Vista Do Gurupi,93.89,2,46.94
PR,Entre Rios Do Oeste,93.89,3,31.3
PR,Sao Carlos Do Ivai,93.0,1,93.0
SP,Coronel Macedo,92.9,2,46.45
AL,Pau D'Arco,92.9,1,92.9
MG,Vila Pereira,92.8,1,92.8
PR,Mandirituba,92.65,2,46.32
RS,Aratiba,92.5,1,92.5
AC,Epitaciolandia,92.34,1,92.34
BA,Barro Alto,91.99,2,46.0
SP,Monte Castelo,91.5,1,91.5
BA,Planalto,91.0,1,91.0
RS,Quevedos,90.9,2,45.45
MA,Senador La Rocque,90.0,1,90.0
PR,Novo Itacolomi,90.0,1,90.0
PB,Manaira,90.0,1,90.0
SP,Pontes Gestal,89.99,1,89.99
MT,Conquista D'Oeste,89.99,1,89.99
PB,Brejo Dos Santos,89.99,1,89.99
AL,Mata Grande,89.99,1,89.99
SP,Tapinas,89.99,1,89.99
MG,Palmopolis,89.99,1,89.99
GO,Britania,89.99,1,89.99
PR,Marilena,89.99,1,89.99
TO,Peixe,89.99,1,89.99
MA,Cajapio,89.99,1,89.99
PR,Paranapoema,89.99,1,89.99
MG,Vitorinos,89.99,1,89.99
PR,Guapirama,89.9,1,89.9
MG,Lamim,89.9,1,89.9
MG,Braunas,89.9,1,89.9
PE,Machados,89.9,1,89.9
AL,Coite Do Noia,89.9,1,89.9
PR,Bom Sucesso,89.9,1,89.9
SP,Redencao Da Serra,89.9,1,89.9
SP,Riversul,89.9,1,89.9
SE,Itabi,89.9,1,89.9
RO,Cujubim,89.9,1,89.9
PR,Sao Jorge Do Patrocinio,89.9,2,44.95
MS,Bandeirantes,89.9,1,89.9
ES,Atilio Vivacqua,89.9,1,89.9
MG,Ilicinea,89.9,1,89.9
RN,Coronel Joao Pessoa,89.9,1,89.9
RR,Bonfim,89.9,1,89.9
RS,Pedras Altas,89.9,1,89.9
ES,Santa Leopoldina,89.9,1,89.9
BA,Retirolandia,89.9,1,89.9
ES,Vargem Grande Do Soturno,89.9,1,89.9
MG,Estrela Do Sul,89.9,1,89.9
GO,Jaupaci,89.9,1,89.9
RJ,Penedo,89.9,1,89.9
PR,Sao Jorge D'Oeste,89.9,1,89.9
PR,Rancho Alegre,89.9,1,89.9
MS,Coronel Sapucaia,89.9,1,89.9
PR,Contenda,89.9,1,89.9
MA,Santa Rita,89.9,1,89.9
MG,Capela Nova,89.77,1,89.77
MG,Fonseca,89.65,1,89.65
AL,Atalaia,89.58,1,89.58
SC,Aguas Mornas,89.15,1,89.15
SE,Aquidaba,89.0,1,89.0
PR,Coronel Domingos Soares,89.0,1,89.0
RS,Vanini,89.0,1,89.0
RS,General Camara,89.0,1,89.0
MG,Taparuba,89.0,1,89.0
MG,Jacinto,89.0,1,89.0
PB,Sao Francisco,89.0,1,89.0
PB,Lucena,89.0,1,89.0
MG,Arapua,89.0,1,89.0
MG,Antonio Pereira,88.99000000000001,2,44.5
MA,Alto Alegre Do Maranhao,88.9,1,88.9
SP,Sao Pedro Do Turvo,88.9,2,44.45
DF,Guara,88.78999999999999,2,44.4
MG,Goiana,88.7,3,29.57
PE,Xexeu,87.5,1,87.5
SE,Carmopolis,87.31,2,43.66
MG,Uniao De Minas,87.09,3,29.03
PR,Pato Bragado,86.69999999999999,2,43.35
PB,Sao Mamede,86.0,1,86.0
BA,Varzea Nova,86.0,1,86.0
MA,Moncao,85.99,1,85.99
AP,Vitoria Do Jari,85.95,1,85.95
ES,Novo Brasil,85.9,1,85.9
MG,Bom Jesus Da Penha,85.89,2,42.94
PR,Vila Nova,85.47,2,42.74
SP,Piquerobi,85.0,1,85.0
PB,Montadas,84.99,1,84.99
PI,Lagoa Do Piaui,84.99,1,84.99
MG,Entre Folhas,84.99,1,84.99
RN,Janduis,84.99,1,84.99
PE,Santo Antonio Das Queimadas,84.99,1,84.99
MG,Major Porto,84.99,1,84.99
BA,Caturama,84.99,2,42.5
BA,Cotegipe,84.99,1,84.99
PR,Nova Esperanca Do Sudoeste,84.99,1,84.99
RS,Vila Nova Do Sul,84.99,1,84.99
BA,Santa Brigida,84.9,1,84.9
PB,Serra Branca,84.9,1,84.9
PR,Perola Independente,84.9,1,84.9
GO,Itaguaru,84.89,2,42.44
TO,Esperantina,84.44,1,84.44
MG,Guarda-Mor,83.9,2,41.95
RS,Senador Salgado Filho,83.8,1,83.8
GO,Turvania,83.7,2,41.85
GO,Ouro Verde De Goias,82.9,1,82.9
GO,Itaguacu,82.89,2,41.44
RS,Tres Forquilhas,82.8,1,82.8
GO,Jussara,82.78999999999999,3,27.6
MG,Riachinho,82.34,2,41.17
SP,Santa Salete,81.99,1,81.99
RS,Sinimbu,81.78,2,40.89
CE,Assare,81.0,1,81.0
TO,Barrolandia,80.99,2,40.49
BA,Piata,80.97999999999999,2,40.49
MG,Bias Fortes,80.9,2,40.45
MG,Ouro Verde De Minas,80.78999999999999,2,40.39
MA,Sao Joao Do Paraiso,80.04,1,80.04
PB,Assuncao,80.0,1,80.0
PR,Perobal,80.0,1,80.0
SE,Monte Alegre De Sergipe,80.0,1,80.0
SE,Nossa Senhora De Lourdes,79.99,1,79.99
RN,Frutuoso Gomes,79.99,1,79.99
SC,Coronel Freitas,79.99,1,79.99
SP,Iaras,79.99,1,79.99
MG,Ewbank Da Camara,79.99,1,79.99
PE,Cha De Alegria,79.99,1,79.99
RS,Barao Do Triunfo,79.99,1,79.99
RS,Monte Belo Do Sul,79.98,1,79.98
MG,Materlandia,79.98,2,39.99
MA,Vargem Grande,79.9,1,79.9
PR,Campo Bonito,79.9,1,79.9
AL,Novo Lino,79.9,1,79.9
SC,Paraiso,79.9,1,79.9
SP,Ubirajara,79.9,1,79.9
ES,Paraju,79.9,1,79.9
MA,Santa Luzia Do Parua,79.9,1,79.9
RS,Dezesseis De Novembro,79.9,1,79.9
ES,Ponto Belo,79.9,1,79.9
BA,Andarai,79.9,1,79.9
MG,Olaria,79.9,1,79.9
PR,Querencia Do Norte,79.9,1,79.9
MG,Campo Azul,79.9,1,79.9
BA,Filadelfia,79.9,1,79.9
RS,Santana Da Boa Vista,79.89,2,39.94
BA,Elisio Medrado,79.82,2,39.91
CE,Banabuiu,79.0,1,79.0
PE,Sao Joaquim Do Monte,79.0,1,79.0
TO,Praia Norte,79.0,1,79.0
SP,Rincao,79.0,1,79.0
RJ,Santa Rita Da Floresta,79.0,1,79.0
SP,Nantes,79.0,1,79.0
RS,Ipiranga,79.0,1,79.0
GO,Teresina De Goias,79.0,1,79.0
GO,Divinopolis De Goias,79.0,1,79.0
MA,Vitoria Do Mearim,78.9,2,39.45
MG,Sao Francisco De Paula,78.89,2,39.44
SP,Vargem,78.8,2,39.4
PE,Aracoiaba,78.67,2,39.34
PI,Inhuma,78.0,1,78.0
PA,Aurora Do Para,78.0,1,78.0
SC,Monte Castelo,78.0,1,78.0
TO,Almas,78.0,1,78.0
MG,Santo Antonio Do Aventureiro,77.99,1,77.99
RS,Sao Jose Do Inhacora,77.99,1,77.99
MT,Figueiropolis D'Oeste,77.98,2,38.99
MG,Sapucaia,77.9,1,77.9
SE,Cristinapolis,77.9,1,77.9
BA,Paripiranga,77.71000000000001,2,38.86
MG,Alagoa,77.68,1,77.68
MG,Juvenilia,77.47999999999999,2,38.74
SP,Suzanapolis,76.9,1,76.9
RS,Augusto Pestana,76.88,2,38.44
MS,Deodapolis,76.8,2,38.4
CE,Antonina Do Norte,76.8,1,76.8
SE,Campo Do Brito,76.8,1,76.8
MG,Bras Pires,76.8,2,38.4
PR,Engenheiro Beltrao,76.8,2,38.4
MG,Brasilandia De Minas,76.25,1,76.25
MG,Alvarenga,76.0,1,76.0
BA,Aracatu,75.99,1,75.99
AL,Ibateguara,75.9,2,37.95
PR,Pirapo,75.27,1,75.27
PB,Jerico,75.0,1,75.0
MS,Jaraguari,75.0,2,37.5
MG,Felixlandia,75.0,1,75.0
SP,Guatapara,75.0,1,75.0
SP,Nova Guataporanga,75.0,1,75.0
MG,Dom Cavati,74.99,1,74.99
RS,Lagoa Dos Tres Cantos,74.9,1,74.9
SP,Cassia Dos Coqueiros,74.9,1,74.9
MG,Frei Gaspar,74.9,1,74.9
AC,Porto Acre,74.9,1,74.9
SC,Novo Horizonte,74.9,1,74.9
MG,Nacip Raydan,74.9,1,74.9
SP,Espigao,74.89,2,37.44
BA,Adustina,74.8,1,74.8
PR,Alto Alegre Do Iguacu,74.69999999999999,2,37.35
PR,Adrianopolis,73.9,1,73.9
RS,Santo Antonio Do Palma,73.89,2,36.94
MA,Joselandia,73.35,1,73.35
MG,Monte Formoso,72.99,2,36.49
MG,Pedra Do Indaia,72.99,1,72.99
PR,Mato Rico,72.9,1,72.9
CE,Itarema,72.9,1,72.9
RO,Cacaulandia,72.9,1,72.9
PI,Avelino Lopes,72.89,2,36.44
BA,Arraial D Ajuda,72.62,1,72.62
SP,Serra Azul,72.5,1,72.5
BA,Salobro,72.2,1,72.2
MA,Matoes,72.0,1,72.0
BA,Piripa,71.99000000000001,2,36.0
SP,Termas De Ibira,71.9,1,71.9
SC,Bom Retiro,70.0,1,70.0
RS,Taquarucu Do Sul,70.0,1,70.0
MG,Ravena,69.99,1,69.99
PB,Juripiranga,69.99,1,69.99
SP,Planalto,69.99,1,69.99
MT,Itanhanga,69.99,1,69.99
SP,Cipo-Guacu,69.99,1,69.99
MS,Anaurilandia,69.99,1,69.99
MG,Itutinga,69.9,1,69.9
RS,Piratini,69.9,1,69.9
RJ,Macuco,69.9,1,69.9
PR,Vila Reis,69.9,1,69.9
MG,Glaura,69.9,1,69.9
PR,Formosa Do Oeste,69.9,1,69.9
RS,Nova Padua,69.9,1,69.9
MG,Moeda,69.9,1,69.9
PR,Florida,69.9,1,69.9
MG,Sao Francisco Do Gloria,69.9,1,69.9
ES,Laranja Da Terra,69.9,1,69.9
BA,Boquira,69.9,1,69.9
RO,Ministro Andreazza,69.9,1,69.9
MG,Morro Do Pilar,69.9,1,69.9
SP,Onda Verde,69.81,1,69.81
MS,Anhandui,69.0,1,69.0
MG,Cascalho Rico,69.0,1,69.0
PA,Igarape-Acu,69.0,1,69.0
PI,Lagoa De Sao Francisco,68.99,1,68.99
RS,Guarani Das Missoes,68.66,2,34.33
PR,Ilha Dos Valadares,67.99,1,67.99
RJ,Valao Do Barro,67.1,1,67.1
PR,Conselheiro Mairinck,67.0,1,67.0
SP,Buritizal,66.99,2,33.49
MG,Rio Doce,66.0,1,66.0
RN,Angicos,65.99,1,65.99
MG,Bertopolis,65.9,1,65.9
PR,Santo Inacio,65.9,1,65.9
MG,Capitao Eneas,65.6,1,65.6
SE,Ribeiropolis,65.0,1,65.0
PR,Serra Dos Dourados,65.0,1,65.0
MA,Goncalves Dias,65.0,1,65.0
SP,Paranapua,64.99000000000001,2,32.5
PE,Alianca,64.99,1,64.99
BA,Teodoro Sampaio,64.9,1,64.9
PE,Itaquitinga,64.89,2,32.44
AL,Matriz De Camaragibe,64.0,1,64.0
RS,Sao Jorge,63.99,1,63.99
RJ,Passa Tres,63.85,2,31.92
PR,Guairaca,63.8,1,63.8
BA,Anage,63.8,1,63.8
AL,Agua Branca,63.8,1,63.8
BA,Cristopolis,63.41,2,31.7
RS,Garruchos,62.9,1,62.9
MS,Terenos,62.89,1,62.89
BA,Conceicao Do Jacuipe,62.89,2,31.44
RN,Pedro Velho,61.99,1,61.99
PR,Santa Isabel Do Ivai,61.9,2,30.95
SP,Candido Rodrigues,61.89,3,20.63
RS,Tapera,61.8,1,61.8
BA,Ibipeba,61.7,1,61.7
BA,Muquem Do Sao Francisco,61.32,2,30.66
SP,Pontalinda,60.8,2,30.4
SP,Taiacu,60.5,1,60.5
MG,Pavao,60.0,1,60.0
SP,Guarapua,60.0,1,60.0
RS,Novo Machado,59.99,1,59.99
PA,Morada Nova,59.99,1,59.99
BA,Jandaira,59.99,1,59.99
MG,Camacho,59.99,1,59.99
MG,Pinhotiba,59.9,1,59.9
MG,Sao Domingos,59.9,1,59.9
SP,Sarutaia,59.9,1,59.9
SP,Pedranopolis,59.9,1,59.9
TO,Fatima,59.9,1,59.9
MG,Lagoa Dos Patos,59.9,1,59.9
RS,Cerrito,59.9,1,59.9
MG,Santa Rita Do Itueto,59.9,1,59.9
RN,Messias Targino,59.9,1,59.9
ES,Praia Grande,59.9,1,59.9
MS,Brasilandia,59.9,1,59.9
MG,Padre Paraiso,59.9,1,59.9
SP,Oleo,59.9,1,59.9
SP,Palmares Paulista,59.9,1,59.9
MG,Mesquita,59.9,1,59.9
RJ,Itacurussa,59.9,1,59.9
TO,Buriti Do Tocantins,59.9,1,59.9
PA,Mocajuba,59.9,1,59.9
RS,Rainha Do Mar,59.9,1,59.9
PR,Sao Miguel Do Cambui,59.9,1,59.9
RS,Porto Lucena,59.89,1,59.89
MG,Sao Mateus De Minas,59.88,1,59.88
SP,Salmourao,59.879999999999995,2,29.94
MG,Campo Florido,59.8,1,59.8
AC,Brasileia,59.699999999999996,1,59.7
RS,Jacuizinho,59.54,1,59.54
SC,Galvao,59.5,1,59.5
MT,Novo Mundo,59.15,1,59.15
BA,Lamarao,59.0,1,59.0
SP,Jamaica,59.0,1,59.0
MG,Queixada,59.0,1,59.0
CE,Lages,59.0,1,59.0
SC,Rio Rufino,59.0,1,59.0
PR,Nova America Da Colina,58.99,1,58.99
BA,Cairu,58.99,1,58.99
GO,Hidrolandia,58.99,1,58.99
PB,Pilar,58.99,1,58.99
CE,Uruburetama,58.99,1,58.99
CE,Croata,58.99,1,58.99
SP,Anhumas,58.99,1,58.99
MG,Paineiras,58.99,1,58.99
PR,Palmeirinha,58.919999999999995,2,29.46
BA,Castro Alves,58.9,2,29.45
PR,Porto Amazonas,58.79,2,29.4
PR,Matelandia,57.980000000000004,2,28.99
MS,Sonora,57.98,2,28.99
AM,Itacoatiara,57.98,1,57.98
RJ,Bacaxa,57.9,1,57.9
BA,Caem,57.9,1,57.9
MG,Dores De Guanhaes,57.9,1,57.9
PR,Barra Do Jacare,57.9,1,57.9
MG,Rubelita,57.89,1,57.89
PR,Santa Cecilia Do Pavao,56.99,1,56.99
RJ,Piao,56.99,1,56.99
BA,Varzea Do Poco,56.99,1,56.99
RS,Itaara,56.99,1,56.99
BA,Condeuba,56.99,1,56.99
PR,Alto Paraiso,56.99,1,56.99
SP,Iacri,56.98,2,28.49
PR,Inaja,56.9,2,28.45
ES,Sao Joao Do Sobrado,55.92,1,55.92
MG,Jaguaracu,55.9,1,55.9
BA,Dom Macedo Costa,55.9,1,55.9
PR,Campo Do Tenente,55.9,1,55.9
BA,Itamira,55.9,2,27.95
TO,Arapoema,55.9,1,55.9
MG,Berilo,55.9,1,55.9
SP,Itaoca,55.8,1,55.8
CE,Taperuaba,55.49,1,55.49
SP,Balbinos,55.32,1,55.32
BA,Salinas Da Margarida,55.0,1,55.0
RS,Novo Cabrais,55.0,1,55.0
MS,Porto Murtinho,55.0,1,55.0
MG,Tocos Do Moji,55.0,1,55.0
SP,Pereiras,54.99,1,54.99
MG,Canaa,54.99,1,54.99
PR,Alto Sao Joao,54.99,1,54.99
BA,Amargosa,54.99,1,54.99
BA,Carnaiba Do Sertao,54.98,1,54.98
PB,Santo Andre,54.9,1,54.9
SC,Guaraciaba,54.9,1,54.9
RS,Sete De Setembro,54.9,1,54.9
RS,Pouso Novo,54.9,1,54.9
PB,Prata,54.9,1,54.9
PR,Nossa Senhora Das Gracas,54.8,2,27.4
BA,Sento Se,53.99,1,53.99
MG,Monsenhor Paulo,53.99,1,53.99
PR,Santana Do Itarare,53.9,1,53.9
MS,Angelica,53.9,1,53.9
MG,Cajuri,53.9,1,53.9
SC,Lebon Regis,53.9,1,53.9
GO,Brazabrantes,53.5,2,26.75
RS,Nova Boa Vista,52.9,1,52.9
RS,Gramado Xavier,52.9,1,52.9
RS,Cerro Grande,52.9,1,52.9
MG,Sao Thome Das Letras,52.8,2,26.4
BA,Ibirataia,52.8,2,26.4
MG,Sao Benedito,52.64,1,52.64
SC,Sao Martinho,52.0,1,52.0
SP,Piacatu,51.19,1,51.19
GO,Nova America,51.0,1,51.0
ES,Pacotuba,50.9,1,50.9
RN,Vicosa,50.9,1,50.9
PB,Pedra Lavrada,50.0,1,50.0
RS,Padre Gonzales,50.0,1,50.0
SP,Bandeirantes D'Oeste,49.99,1,49.99
PA,Placas,49.99,1,49.99
MG,Pratapolis,49.99,1,49.99
MG,Serra Do Salitre,49.99,1,49.99
BA,Cocos,49.99,1,49.99
GO,Nova Roma,49.99,1,49.99
GO,Mossamedes,49.99,1,49.99
MG,Amparo Da Serra,49.95,1,49.95
SC,Calmon,49.9,1,49.9
MG,Caparao,49.9,1,49.9
MA,Santa Quiteria Do Maranhao,49.9,1,49.9
ES,Quilometro 14 Do Mutum,49.9,1,49.9
RN,Pedra Preta,49.9,1,49.9
MG,Santana De Pirapama,49.9,1,49.9
RS,Almirante Tamandare Do Sul,49.9,1,49.9
AL,Murici,49.9,1,49.9
AL,Maribondo,49.9,1,49.9
RJ,Pureza,49.9,1,49.9
MG,Miradouro,49.9,1,49.9
MG,Patis,49.9,1,49.9
PR,Ipora,49.9,1,49.9
PR,Guaraquecaba,49.9,1,49.9
RS,Selbach,49.9,1,49.9
BA,Chorrocho,49.9,1,49.9
RS,Pinto Bandeira,49.9,1,49.9
SP,Palmeira D Oeste,49.9,1,49.9
PA,Juruti,49.9,1,49.9
DF,Ceilandia,49.9,1,49.9
PR,Santa Margarida,49.9,1,49.9
SC,Agrolandia,49.9,1,49.9
SP,Mogi-Mirim,49.9,1,49.9
SC,Rio Dos Cedros,49.9,1,49.9
SC,Santa Terezinha,49.9,1,49.9
PR,Bocaiuva Do Sul,49.89,2,24.94
PR,Doce Grande,49.49,1,49.49
RS,Jacutinga,49.39,1,49.39
MT,Sao Jose Do Xingu,49.3,1,49.3
SP,Elisiario,49.0,1,49.0
BA,Mansidao,49.0,1,49.0
SP,Tuiuti,49.0,1,49.0
PA,Jacareacanga,49.0,1,49.0
MG,Baguari,49.0,1,49.0
PE,Tamandare,49.0,1,49.0
PR,Vitorino,49.0,1,49.0
ES,Araguaia,49.0,1,49.0
PR,Foz Do Jordao,49.0,1,49.0
MA,Bela Vista Do Maranhao,49.0,1,49.0
SC,Iomere,49.0,1,49.0
PR,Santa Lucia,48.9,1,48.9
PA,Pau D'Arco,48.9,1,48.9
RN,Bodo,48.9,1,48.9
RS,Nova Brescia,48.9,1,48.9
MG,Itaguara,48.89,2,24.44
SE,Indiaroba,48.0,1,48.0
RS,Machadinho,48.0,1,48.0
MS,Ribas Do Rio Pardo,47.9,1,47.9
PB,Jacarau,47.81,1,47.81
SP,Populina,47.6,1,47.6
RS,Tiradentes Do Sul,46.86,1,46.86
MA,Humberto De Campos,45.9,1,45.9
CE,Amontada,45.9,1,45.9
GO,Crominia,45.9,1,45.9
MS,Gloria De Dourados,45.8,1,45.8
SP,Queiroz,45.0,1,45.0
BA,Ribeira Do Amparo,45.0,1,45.0
PR,Sao Sebastiao Da Amoreira,45.0,1,45.0
RN,Antonio Martins,45.0,1,45.0
BA,Dias D Avila,45.0,1,45.0
BA,Ibiajara,45.0,1,45.0
CE,Tabuleiro Do Norte,44.99,1,44.99
PB,Pedra Branca,44.99,1,44.99
PR,Fenix,44.99,1,44.99
BA,Apora,44.9,1,44.9
RS,Pontao,44.9,1,44.9
BA,Baixa Grande,44.0,1,44.0
MG,Ubai,43.5,1,43.5
PR,Candoi,43.0,1,43.0
SP,Agisse,43.0,1,43.0
MG,Cedro Do Abaete,42.99,1,42.99
AL,Traipu,42.99,1,42.99
BA,Guaratinga,42.99,2,21.5
RO,Castanheiras,42.9,1,42.9
SP,Neves Paulista,42.78,2,21.39
BA,Aribice,42.0,1,42.0
RN,Agua Nova,42.0,1,42.0
MT,Nobres,41.99,1,41.99
AL,Passo De Camaragibe,41.98,1,41.98
SP,Florinia,41.5,1,41.5
MG,Ponto Dos Volantes,41.4,2,20.7
RS,Mampituba,40.95,1,40.95
MA,Maranhaozinho,40.9,1,40.9
PR,Juranda,40.9,2,20.45
SC,Ponte Alta Do Norte,39.99,1,39.99
BA,Igapora,39.99,1,39.99
PE,Sao Benedito Do Sul,39.99,1,39.99
PE,Terezinha,39.99,1,39.99
BA,Capela Do Alto Alegre,39.99,1,39.99
PE,Siriji,39.99,1,39.99
MG,Conceicao Da Ibitipoca,39.99,1,39.99
RN,Vera Cruz,39.99,1,39.99
SE,Riachuelo,39.97,1,39.97
MG,Natercia,39.9,1,39.9
RS,Alegria,39.9,1,39.9
AL,Girau Do Ponciano,39.9,1,39.9
PE,Cupira,39.9,1,39.9
RO,Mutum Parana,39.9,1,39.9
BA,Itaju Do Colonia,39.9,1,39.9
MG,Desterro De Entre Rios,39.9,1,39.9
RS,Itatiba Do Sul,39.9,1,39.9
BA,Varzedo,39.9,1,39.9
PB,Mae D'Agua,39.89,1,39.89
PR,Campo Magro,39.8,1,39.8
BA,Sao Jose Da Vitoria,39.75,1,39.75
GO,Formoso,39.0,1,39.0
MG,Acucena,38.0,1,38.0
MG,Santa Maria Do Salto,38.0,1,38.0
CE,Lavras Da Mangabeira,37.99,1,37.99
BA,Belmonte,37.99,1,37.99
MA,Passagem Franca,37.98,1,37.98
RS,Unistalda,37.9,1,37.9
MG,Joaima,37.9,1,37.9
CE,Pindoretama,37.55,1,37.55
PI,Alvorada Do Gurgueia,37.0,1,37.0
BA,Jussiape,37.0,1,37.0
BA,Santana Do Sobrado,36.9,1,36.9
MS,Sanga Puita,36.9,1,36.9
MS,Inocencia,36.9,1,36.9
CE,Pedra Branca,36.89,2,18.44
CE,Lagoa Do Mato,35.99,1,35.99
PR,Boa Esperanca Do Iguacu,35.9,1,35.9
MG,Divino Das Laranjeiras,35.9,1,35.9
MG,Virginia,35.9,1,35.9
RN,Florania,35.5,1,35.5
PB,Sao Bentinho,35.0,1,35.0
CE,Capistrano,35.0,1,35.0
MG,Miravania,35.0,1,35.0
MA,Peri Mirim,34.99,1,34.99
MS,Paraiso Das Aguas,34.99,1,34.99
BA,Antonio Goncalves,34.9,1,34.9
SP,Gabriel Monteiro,34.9,1,34.9
PR,Sao Jorge Do Oeste,34.9,1,34.9
PB,Teixeira,34.9,1,34.9
MG,Martinesia,34.89,1,34.89
SP,Parisi,34.49,1,34.49
SC,Arvoredo,34.3,1,34.3
RJ,Jaguarembe,33.99,1,33.99
MG,Vermelho Novo,33.87,1,33.87
RS,Vitoria Das Missoes,33.8,1,33.8
GO,Damianopolis,33.64,2,16.82
RS,Guabiju,33.6,1,33.6
RS,Colinas,32.99,1,32.99
MS,Prudencio Thomaz,32.99,1,32.99
CE,Itaicaba,32.99,1,32.99
GO,Morro Agudo De Goias,32.9,1,32.9
PA,Santo Antonio Do Taua,32.9,1,32.9
AL,Cacimbinhas,32.5,1,32.5
RS,Picada Cafe,32.0,1,32.0
RJ,Bemposta,32.0,1,32.0
RJ,Jamapara,32.0,1,32.0
RS,Barao,31.9,1,31.9
MG,Morro Vermelho,31.9,1,31.9
MA,Sao Francisco Do Brejao,31.9,1,31.9
BA,Cabaceiras Do Paraguacu,31.9,1,31.9
PR,Alexandra,31.9,1,31.9
PA,Ourem,31.9,1,31.9
SC,Santa Cruz Do Timbo,30.99,1,30.99
RN,Lagoa Salgada,30.24,1,30.24
SC,Dona Emma,30.21,1,30.21
MS,Guia Lopes Da Laguna,29.99,1,29.99
MA,Arame,29.99,1,29.99
MG,Senhora Dos Remedios,29.99,1,29.99
BA,Gongogi,29.99,1,29.99
PI,Angical Do Piaui,29.99,1,29.99
GO,Buriti Alegre,29.99,1,29.99
MG,Santa Rita De Jacutinga,29.99,1,29.99
BA,Igrapiuna,29.99,1,29.99
AP,Porto Grande,29.99,1,29.99
CE,Coreau,29.99,1,29.99
MT,Vila Bela Da Santissima Trindade,29.99,1,29.99
MG,Centralina,29.99,1,29.99
RS,Segredo,29.939999999999998,1,29.94
PR,Sulina,29.9,1,29.9
AL,Sao Bras,29.9,1,29.9
MG,Antonio Carlos,29.9,1,29.9
MG,Pescador,29.9,1,29.9
RS,Marques De Souza,29.9,1,29.9
MT,Ribeirao Cascalheira,29.9,1,29.9
TO,Nova Olinda,29.9,1,29.9
RS,Monte Bonito,29.5,1,29.5
PE,Jurema,29.5,1,29.5
PR,Jussara,29.49,1,29.49
BA,Pirai Do Norte,29.49,1,29.49
PI,Caxingo,29.0,1,29.0
PR,Rosario Do Ivai,29.0,1,29.0
SP,Boraceia,29.0,1,29.0
SP,Fernao,29.0,1,29.0
CE,Ibicuitinga,28.99,1,28.99
MG,Indianopolis,28.99,1,28.99
RS,Paraiso Do Sul,28.99,1,28.99
PR,Vitoria,28.99,1,28.99
RJ,Corrego Do Ouro,28.9,1,28.9
MG,Silveira Carvalho,28.9,1,28.9
RJ,Vargem Alegre,28.9,1,28.9
BA,Acajutiba,28.89,1,28.89
RJ,Barao De Juparana,28.49,1,28.49
MA,Rosario,28.12,1,28.12
SP,Turmalina,28.0,1,28.0
GO,Novo Planalto,27.99,1,27.99
PA,Igarape-Miri,27.99,1,27.99
PR,Laranjal,27.99,1,27.99
ES,Sao Joao De Petropolis,27.99,1,27.99
RS,Boa Vista Do Sul,27.99,1,27.99
RN,Sao Tome,27.99,1,27.99
BA,Sao Felix,27.9,1,27.9
PR,Icaraima,27.9,1,27.9
PR,Corumbatai Do Sul,27.49,1,27.49
ES,Ibiracu,27.3,1,27.3
PA,Ulianopolis,27.3,1,27.3
GO,Turvelandia,27.3,1,27.3
RN,Sao Joao Do Sabugi,26.9,1,26.9
MS,Eldorado,25.9,1,25.9
MA,Bom Jardim,25.9,1,25.9
RS,Coqueiros Do Sul,25.73,1,25.73
SP,Corumbatai,25.6,1,25.6
MG,Corrego Danta,25.4,1,25.4
ES,Angelo Frechiani,25.32,1,25.32
MG,Guinda,25.0,1,25.0
MG,Santana Do Capivari,25.0,1,25.0
MT,Nova Guarita,25.0,1,25.0
SC,Uniao Do Oeste,24.99,1,24.99
PI,Sebastiao Leal,24.99,1,24.99
SC,Leoberto Leal,24.99,1,24.99
PA,Tome-Acu,24.99,1,24.99
MA,Sitio Novo,24.99,1,24.99
GO,Flores De Goias,24.99,1,24.99
MG,Sobralia,24.9,1,24.9
PI,Rio Grande Do Piaui,24.9,1,24.9
MG,Delfim Moreira,24.9,1,24.9
MG,Desterro Do Melo,24.9,1,24.9
BA,Satiro Dias,24.5,1,24.5
GO,Mutunopolis,24.41,1,24.41
SE,Malhador,23.99,1,23.99
PE,Vertentes,23.99,1,23.99
RN,Jardim De Piranhas,23.9,1,23.9
TO,Novo Jardim,23.9,1,23.9
SP,Nova Independencia,23.9,1,23.9
AL,Santa Luzia Do Norte,23.8,1,23.8
RJ,Sao Sebastiao De Campos,23.8,1,23.8
BA,Ipecaeta,23.4,1,23.4
MG,Pedra Menina,23.4,1,23.4
BA,Monte Santo,23.21,1,23.21
GO,Jandaia,23.2,1,23.2
RJ,Cambiasca,22.99,1,22.99
RS,Serio,22.9,1,22.9
SP,Nova Luzitania,22.9,1,22.9
RS,Vista Alegre,22.0,1,22.0
RS,Pareci Novo,22.0,1,22.0
RS,Vale Do Sol,21.99,1,21.99
AL,Vicosa,21.9,1,21.9
RS,Sertao Santana,20.9,1,20.9
PI,Francisco Santos,20.9,1,20.9
SE,Sao Miguel Do Aleixo,20.0,1,20.0
TO,Pium,20.0,1,20.0
CE,Itapiuna,19.99,1,19.99
RN,Monte Alegre,19.99,1,19.99
MG,Cuite Velho,19.99,1,19.99
RS,Coqueiro Baixo,19.99,1,19.99
PR,Barracao,19.99,1,19.99
GO,Jardim Abc De Goias,19.99,1,19.99
MG,Minduri,19.9,1,19.9
SE,Santo Amaro Das Brotas,19.9,1,19.9
BA,Nova Redencao,19.9,1,19.9
RS,Pinhal Da Serra,19.9,1,19.9
SP,Aparecida D'Oeste,19.9,1,19.9
SC,Presidente Castello Branco,19.9,1,19.9
RS,Faxinalzinho,19.9,1,19.9
PR,Tupassi,19.9,1,19.9
BA,Joao Dourado,19.9,1,19.9
RN,Sao Rafael,19.9,1,19.9
RN,Santa Maria,19.83,1,19.83
SC,Caxambu Do Sul,19.5,1,19.5
PR,Balsa Nova,19.45,1,19.45
CE,Vicosa Do Ceara,18.95,1,18.95
CE,Pires Ferreira,18.95,1,18.95
PR,Leopolis,18.9,1,18.9
RS,Uniao Da Serra,18.5,1,18.5
GO,Montividiu Do Norte,17.99,1,17.99
MG,Uruana De Minas,17.9,1,17.9
SC,Macieira,17.46,1,17.46
MG,Crucilandia,17.0,1,17.0
RS,Agudo,17.0,1,17.0
RS,Presidente Lucena,16.99,1,16.99
GO,Trombas,16.97,1,16.97
DF,Santa Maria,16.9,1,16.9
PI,Simplicio Mendes,16.6,1,16.6
RS,Travesseiro,16.6,1,16.6
CE,Porteiras,16.55,1,16.55
MG,Sao Bento Abade,16.0,1,16.0
MA,Amapa Do Maranhao,15.9,1,15.9
PI,Demerval Lobao,15.0,1,15.0
CE,Missao Velha,14.99,1,14.99
RJ,Boa Ventura,14.9,1,14.9
SP,Ibitiuva,14.9,1,14.9
RS,Estrela Velha,14.9,1,14.9
CE,Mauriti,14.9,1,14.9
PR,Ouro Verde Do Oeste,14.9,1,14.9
GO,Cabeceiras,14.9,1,14.9
RJ,Duas Barras,14.89,1,14.89
MG,Estevao De Araujo,14.2,1,14.2
PR,Reserva Do Iguacu,14.0,1,14.0
PI,Nova Santa Rita,13.98,1,13.98
BA,Brejolandia,13.98,1,13.98
PA,Tracuateua,13.98,1,13.98
BA,Jacuipe,13.98,1,13.98
MG,Ponto Do Marambaia,13.7,1,13.7
PI,Marcos Parente,13.65,1,13.65
BA,Canapolis,13.65,1,13.65
MG,Tuparece,13.5,1,13.5
GO,Cezarina,13.49,1,13.49
RS,Liberato Salzano,12.99,1,12.99
RS,Vicente Dutra,12.99,1,12.99
PI,Joaquim Pires,12.97,1,12.97
PI,Varzea Grande,12.5,1,12.5
MG,Nova Resende,10.99,1,10.99
MG,Estiva,10.9,1,10.9
PR,Planaltina Do Parana,10.75,1,10.75
GO,Bom Jardim De Goias,10.0,1,10.0
PA,Medicilandia,8.99,1,8.99
PR,Tamboara,8.99,1,8.99
BA,Erico Cardoso,8.09,1,8.09
RJ,Santa Maria,8.0,1,8.0
MG,Jenipapo De Minas,7.48,1,7.48
MG,Santo Antonio Do Rio Abaixo,6.0,1,6.0
PA,Senador Jose Porfirio,6.0,1,6.0
PR,Sabaudia,5.9,1,5.9
RS,Polo Petroquimico De Triunfo,5.6,1,5.6
